"","author_name","lead_or_other","n","Total"
"1","Millet GY","other",31,38
"2","Maffiuletti NA","other",30,35
"3","Rice CL","other",29,29
"4","Martin A","other",27,27
"5","Lepers R","other",22,24
"6","Martin V","other",22,28
"7","de Haan A","other",18,19
"8","Ratel S","other",15,16
"9","Cramer JT","other",14,14
"10","Jubeau M","other",14,16
"11","Place N","other",14,22
"12","Taylor JL","other",14,16
"13","Gandevia SC","other",13,15
"14","Blazevich AJ","other",12,12
"15","Verges S","other",12,12
"16","Zijdewind I","other",12,12
"17","Bertuzzi R","other",11,12
"18","Häkkinen K","other",11,11
"19","Lima-Silva AE","other",11,11
"20","Racinais S","other",11,16
"21","Snyder-Mackler L","other",11,11
"22","Awiszus F","other",10,10
"23","Bruhn S","other",10,10
"24","Kayser B","other",10,10
"25","Maganaris CN","other",10,10
"26","Rymer WZ","other",10,10
"27","Behm DG","other",9,16
"28","Duchateau J","other",9,15
"29","Jones DA","other",9,9
"30","Marino FE","other",9,9
"31","Neyroud D","lead",9,9
"32","Pousson M","other",9,9
"33","Brazaitis M","other",8,10
"34","Cannon J","other",8,9
"35","Goodall S","other",8,9
"36","Herzog W","other",8,9
"37","Marshall PW","lead",8,10
"38","Narici MV","other",8,8
"39","Nosaka K","other",8,8
"40","Place N","lead",8,22
"41","Power GA","other",8,12
"42","Ryan ED","other",8,10
"43","Schena F","other",8,8
"44","Siegler JC","other",8,11
"45","Wuyam B","other",8,8
"46","Babault N","other",7,12
"47","Behm DG","lead",7,16
"48","Behrens M","lead",7,11
"49","Costa PB","other",7,7
"50","de Ruiter CJ","lead",7,11
"51","Doherty TJ","other",7,7
"52","Enoka RM","other",7,9
"53","Girard O","lead",7,12
"54","Howatson G","other",7,7
"55","Hunter SK","other",7,10
"56","Jakobi JM","other",7,9
"57","Lattier G","other",7,8
"58","Mau-Moeller A","other",7,8
"59","Millet GP","other",7,7
"60","Millet GY","lead",7,38
"61","Reeves ND","other",7,7
"62","Silva-Cavalcante MD","other",7,9
"63","Skurvydas A","other",7,12
"64","Stout JR","other",7,7
"65","Van Hoecke J","other",7,7
"66","Vandervoort AA","other",7,7
"67","Zghal F","other",7,8
"68","Akagi R","other",6,10
"69","Avela J","other",6,6
"70","Ballay Y","other",6,6
"71","Baltzopoulos V","other",6,6
"72","Bilodeau M","other",6,9
"73","Button DC","other",6,7
"74","Colson SS","other",6,8
"75","Coudeyre E","other",6,6
"76","Duchateau J","lead",6,15
"77","Duffield R","other",6,7
"78","Gondin J","other",6,9
"79","Guével A","other",6,6
"80","Herda TJ","lead",6,11
"81","Martin V","lead",6,28
"82","Morin JB","other",6,6
"83","Rebai H","other",6,6
"84","Sahli S","other",6,6
"85","Thomas K","other",6,7
"86","Babault N","lead",5,12
"87","Baudry S","other",5,6
"88","Bocock O","other",5,5
"89","Cardenoux C","other",5,5
"90","Coelho DB","other",5,5
"91","Cornu C","other",5,5
"92","Cresswell AG","other",5,5
"93","Cross R","other",5,6
"94","Dalton BH","lead",5,9
"95","Duclos M","other",5,5
"96","Farthing JP","other",5,5
"97","Girard O","other",5,12
"98","Herda TJ","other",5,11
"99","Hureau TJ","other",5,8
"100","Jegu AG","other",5,5
"101","Julian V","other",5,5
"102","Kanehisa H","other",5,5
"103","Kirk EA","lead",5,5
"104","Kluka V","other",5,7
"105","Krishnan C","lead",5,7
"106","Kubo K","lead",5,5
"107","Levy P","other",5,5
"108","Maffiuletti NA","lead",5,35
"109","Marshall P","other",5,5
"110","Pietrosimone B","other",5,6
"111","Piponnier E","lead",5,8
"112","Power KE","other",5,5
"113","Racinais S","lead",5,16
"114","Skurvydas A","lead",5,12
"115","Tsunoda N","other",5,5
"116","Walker S","lead",5,6
"117","Willems ME","other",5,5
"118","Akagi R","lead",4,10
"119","Allen MD","other",4,5
"120","Amann M","other",4,4
"121","Azevedo RA","lead",4,7
"122","Bachasson D","lead",4,5
"123","Begon M","other",4,4
"124","Behrens M","other",4,11
"125","Binder-Macleod SA","other",4,5
"126","Blackburn JT","other",4,4
"127","Blacker SD","lead",4,4
"128","Blain GM","other",4,4
"129","Bontemps B","other",4,5
"130","Borrani F","other",4,4
"131","Cafarelli E","other",4,4
"132","Carroll TJ","other",4,5
"133","Cattagni T","other",4,7
"134","Chalchat E","other",4,5
"135","Chang YJ","other",4,5
"136","Cheung SS","other",4,4
"137","Couto PG","other",4,4
"138","Dalton BH","other",4,9
"139","de Ruiter CJ","other",4,11
"140","Drinkwater E","other",4,4
"141","Ema R","lead",4,8
"142","Ema R","other",4,8
"143","Fallowfield JL","other",4,4
"144","Felippe LC","other",4,5
"145","Folland JP","lead",4,6
"146","Giboin LS","lead",4,4
"147","Gimenez P","other",4,4
"148","Gruber M","other",4,4
"149","Gruet M","other",4,4
"150","Guilhem G","other",4,4
"151","Hahn D","other",4,4
"152","Hodges PW","other",4,4
"153","Hug F","other",4,4
"154","Kamper DG","other",4,5
"155","Kay D","other",4,4
"156","Klein CS","lead",4,4
"157","Lapole T","other",4,5
"158","Lichtwark GA","other",4,4
"159","Micallef JP","other",4,4
"160","Michaut A","other",4,7
"161","Minett GM","other",4,5
"162","Morio C","other",4,4
"163","Nybo L","lead",4,5
"164","Périard JD","lead",4,6
"165","Perrey S","other",4,5
"166","Pietrosimone BG","lead",4,4
"167","Power GA","lead",4,12
"168","Samozino P","other",4,4
"169","Sato S","other",4,4
"170","Sleivert GG","other",4,4
"171","Stackhouse SK","lead",4,5
"172","Stevens JE","other",4,7
"173","Strojnik V","other",4,4
"174","Temesi J","other",4,5
"175","Thom JM","other",4,4
"176","Twist C","other",4,4
"177","Vandenborne K","other",4,4
"178","Venturelli M","other",4,5
"179","Walter AA","other",4,4
"180","Warren GL","other",4,4
"181","Williams GN","other",4,4
"182","Zschorlich V","other",4,4
"183","Andersen LL","other",3,3
"184","Azevedo RA","other",3,7
"185","Bampouras TM","lead",3,4
"186","Behm D","other",3,5
"187","Bemben MG","other",3,3
"188","Berger MJ","lead",3,3
"189","Bilodeau M","lead",3,9
"190","Bleijenberg G","other",3,3
"191","Boari D","other",3,3
"192","Boccia G","lead",3,3
"193","Bonnefoy R","other",3,3
"194","Borji R","lead",3,5
"195","Botter A","other",3,3
"196","Butler JE","other",3,3
"197","Cattagni T","lead",3,7
"198","Cheng AJ","lead",3,4
"199","Copithorne DB","other",3,5
"200","Cruz R","other",3,3
"201","Dardanello D","other",3,3
"202","Decorte N","lead",3,5
"203","Degens H","other",3,3
"204","Deley G","other",3,3
"205","Doguet V","lead",3,4
"206","Drinkwater EJ","lead",3,4
"207","Ereline J","other",3,3
"208","Ferreira GA","other",3,4
"209","Flore P","other",3,3
"210","Garcia-Vicencio S","lead",3,4
"211","Garland SJ","other",3,3
"212","Gerrits KH","other",3,4
"213","Gifford JR","other",3,3
"214","Gondin J","lead",3,9
"215","Grosprêtre S","other",3,5
"216","Gube M","other",3,3
"217","Guinot M","other",3,3
"218","Halley SL","lead",3,3
"219","Hausswirth C","other",3,3
"220","Hettinga FJ","other",3,3
"221","Hirata K","other",3,4
"222","Hirata N","other",3,3
"223","Hodder S","other",3,3
"224","Hoff J","other",3,3
"225","Horstman AM","lead",3,4
"226","Hortobágyi T","other",3,4
"227","Housh TJ","other",3,3
"228","Hunter SK","lead",3,10
"229","Hureau TJ","lead",3,8
"230","Husmann F","lead",3,6
"231","Husmann F","other",3,6
"232","Imaizumi N","other",3,3
"233","Ingersoll CD","other",3,3
"234","Kamandulis S","other",3,4
"235","Kavanagh JJ","lead",3,4
"236","Kawaguchi E","other",3,3
"237","Kimpinski K","other",3,3
"238","Klass M","lead",3,4
"239","Koceja DM","other",3,3
"240","Kouyoumdjian JA","lead",3,6
"241","Kouyoumdjian JA","other",3,6
"242","Lanovaz JL","other",3,3
"243","Lexell J","other",3,4
"244","Li S","other",3,4
"245","Lovell R","other",3,3
"246","Luc-Harkey BA","other",3,3
"247","McClure PW","other",3,3
"248","McNeil CJ","other",3,3
"249","Meste O","other",3,3
"250","Michaut A","lead",3,7
"251","Miller M","lead",3,4
"252","Mittlmeier T","other",3,3
"253","Morel B","lead",3,4
"254","Morse CI","lead",3,3
"255","Nordsborg NB","other",3,3
"256","O'Brien TD","lead",3,3
"257","Pääsuke M","other",3,3
"258","Papaiordanidou M","lead",3,6
"259","Papaiordanidou M","other",3,6
"260","Papoti M","other",3,3
"261","Pellegrini B","other",3,3
"262","Pensini M","other",3,4
"263","Piponnier E","other",3,8
"264","Power K","other",3,4
"265","Prasartwuth O","lead",3,3
"266","Rainoldi A","other",3,3
"267","Richardson RS","other",3,3
"268","Saliba SA","other",3,3
"269","Sanders DB","other",3,3
"270","Sargeant AJ","other",3,3
"271","Scaglioni G","lead",3,4
"272","Schwirtz A","other",3,3
"273","Seiberl W","lead",3,4
"274","Selvanayagam VS","other",3,3
"275","Shah P","other",3,3
"276","Siegler JC","lead",3,11
"277","Simpson CL","lead",3,3
"278","Skein M","other",3,5
"279","Søgaard K","other",3,3
"280","Stålberg E","lead",3,4
"281","Stevens JE","lead",3,7
"282","Streckis V","other",3,4
"283","Suresh NL","other",3,3
"284","Suzuki M","other",3,3
"285","Tanimoto H","other",3,3
"286","Tarperi C","other",3,3
"287","Thompson MW","other",3,3
"288","Tomazin K","lead",3,4
"289","Trajano GS","other",3,5
"290","Ugrinowitsch C","other",3,3
"291","van Engelen BG","other",3,3
"292","Varray A","other",3,3
"293","Vicencio SG","other",3,3
"294","Wang E","other",3,3
"295","Weippert M","other",3,3
"296","Yoon T","other",3,5
"297","Yusof A","other",3,3
"298","Zagatto AM","other",3,3
"299","Zarrouk N","other",3,3
"300","Zory R","other",3,5
"301","Aagaard P","other",2,2
"302","Aboodarda SJ","lead",2,4
"303","Aboodarda SJ","other",2,4
"304","Afsharipour B","lead",2,3
"305","Alexandre F","lead",2,2
"306","Allman BL","lead",2,3
"307","Ansdell P","lead",2,2
"308","Armand S","other",2,2
"309","Arnal PJ","other",2,2
"310","Arnold P","lead",2,2
"311","Bader R","other",2,2
"312","Bandholm T","other",2,2
"313","Bangsbo J","other",2,2
"314","Barber LA","other",2,3
"315","Barbieri FA","other",2,2
"316","Barbieri RA","other",2,2
"317","Barnes MJ","lead",2,2
"318","Bautmans I","other",2,2
"319","Becker R","lead",2,3
"320","Behm D","lead",2,5
"321","Beltman JG","lead",2,2
"322","Bernard T","other",2,2
"323","Berth A","lead",2,3
"324","Besson T","other",2,3
"325","Bilzon JL","other",2,2
"326","Birch KM","other",2,2
"327","Bishop D","other",2,2
"328","Bishop DJ","other",2,2
"329","Black CD","lead",2,3
"330","Borji R","other",2,5
"331","Bosio A","other",2,2
"332","Bourdier P","other",2,2
"333","Bowden M","other",2,2
"334","Brazaitis M","lead",2,10
"335","Bringard A","other",2,2
"336","Brisswalter J","other",2,2
"337","Brooks D","other",2,2
"338","Brouwer RW","other",2,2
"339","Broxterman RM","other",2,3
"340","Bruce SA","other",2,2
"341","Buhmann R","lead",2,2
"342","Burke D","other",2,2
"343","Burnley M","lead",2,2
"344","Butler-Browne G","other",2,2
"345","Caillaud C","other",2,2
"346","Calabria E","other",2,2
"347","Carpentier A","other",2,2
"348","Cervone DT","other",2,2
"349","Cescon C","other",2,2
"350","Chandra S","other",2,3
"351","Chapman PG","other",2,2
"352","Chapman RF","other",2,2
"353","Chatain C","lead",2,2
"354","Chess DG","other",2,2
"355","Chilibeck PD","other",2,2
"356","Cholewicki J","lead",2,2
"357","Chong SL","other",2,2
"358","Clark BC","other",2,3
"359","Clos P","lead",2,2
"360","Colson SS","lead",2,8
"361","Conrad MO","other",2,2
"362","Copithorne DB","lead",2,5
"363","Cottin F","other",2,2
"364","Couto P","other",2,2
"365","Couturier A","other",2,2
"366","Dal Maso F","lead",2,2
"367","Davey P","other",2,2
"368","Davidson AW","other",2,2
"369","De-Oliveira FR","other",2,2
"370","De Haan A","other",2,2
"371","Decorte N","other",2,5
"372","Dekerle J","other",2,2
"373","Di Vico IA","other",2,2
"374","Dieterich AV","lead",2,2
"375","Doix AC","lead",2,2
"376","Dotan R","lead",2,2
"377","Downham D","other",2,2
"378","Ducrocq GP","lead",2,3
"379","Duhamel TA","other",2,2
"380","Eimantas N","other",2,2
"381","Elder GC","other",2,2
"382","Enoka RM","lead",2,9
"383","Fairchild TJ","other",2,2
"384","Féasson L","other",2,2
"385","Felser S","other",2,2
"386","Fernandes JFT","lead",2,2
"387","Festa L","other",2,2
"388","Finn HT","other",2,3
"389","Fischer HC","other",2,2
"390","Flansbjer UB","other",2,2
"391","Folland JP","other",2,6
"392","Fourot AV","other",2,2
"393","Friesenbichler B","other",2,2
"394","Fukuda DH","other",2,2
"395","Fukunaga T","other",2,2
"396","Galea MP","other",2,2
"397","Gandevia SC","lead",2,15
"398","Gapeyeva H","other",2,3
"399","Garcia SA","lead",2,2
"400","Garnier YM","lead",2,3
"401","Gáspari AF","other",2,2
"402","Giandolini M","lead",2,3
"403","Gilmore KJ","other",2,3
"404","Giombini A","other",2,2
"405","Giuriato G","other",2,2
"406","Goela A","other",2,2
"407","Gokeler A","other",2,3
"408","Green HJ","other",2,2
"409","Green S","other",2,2
"410","Griffin L","other",2,3
"411","Griffith EE","other",2,2
"412","Grosprêtre S","lead",2,5
"413","Guette M","other",2,3
"414","Haff GG","other",2,2
"415","Hagstrom AD","other",2,2
"416","Harkey MS","other",2,3
"417","Hart JM","other",2,3
"418","Harwood B","other",2,3
"419","Hautier CA","other",2,2
"420","Havenith G","other",2,2
"421","Haviko T","other",2,2
"422","Hayes M","other",2,2
"423","Heersema DJ","other",2,2
"424","Herda AA","other",2,2
"425","Héroux ME","other",2,2
"426","Hertel J","other",2,2
"427","Hicks KM","other",2,2
"428","Highton J","other",2,2
"429","Hill EC","other",2,2
"430","Hoge KM","other",2,2
"431","Hollander AP","other",2,2
"432","Holsgaard-Larsen A","other",2,2
"433","Hostrup M","other",2,2
"434","Hsu MJ","other",2,3
"435","Ikebukuro T","other",2,2
"436","Ishida K","other",2,2
"437","Jakobi JM","lead",2,9
"438","Jakobsen TL","other",2,2
"439","James KB","other",2,2
"440","Jammes Y","other",2,2
"441","Jayaraman A","lead",2,3
"442","Jones AM","other",2,2
"443","Jubeau M","lead",2,16
"444","Kalmar JM","lead",2,3
"445","Kamen G","other",2,2
"446","Kanda A","other",2,2
"447","Katayama K","other",2,2
"448","Kay AD","other",2,2
"449","Kemp JG","other",2,2
"450","Kennedy A","lead",2,2
"451","Kennedy DS","other",2,3
"452","Kerry JW","other",2,2
"453","Khong TK","lead",2,2
"454","Kidgell DJ","other",2,2
"455","Kiernan MC","other",2,2
"456","Kim BDH","other",2,2
"457","Kitano K","other",2,2
"458","Kittelson AJ","other",2,2
"459","Kluka V","lead",2,7
"460","Knight CA","lead",2,2
"461","Komi PV","other",2,2
"462","Krishnan C","other",2,7
"463","Kvellestad ACG","other",2,2
"464","Laghi F","other",2,2
"465","Laginestra FG","other",2,2
"466","Lamb KL","other",2,2
"467","Lankhorst GJ","other",2,2
"468","Larivière C","lead",2,2
"469","Lemmey AB","other",2,2
"470","Lepers R","lead",2,24
"471","Lepley AS","other",2,3
"472","Li G","other",2,2
"473","Li X","other",2,2
"474","Lin CH","other",2,2
"475","Lloyd A","lead",2,3
"476","Macaluso A","other",2,2
"477","Machner A","lead",2,3
"478","Maden-Wilkinson T","other",2,2
"479","Makrakos DP","other",2,2
"480","Marcora SM","other",2,2
"481","Marion P","other",2,2
"482","Marmon AR","lead",2,2
"483","Marshall PW","other",2,10
"484","Martignon C","lead",2,2
"485","Martin PG","lead",2,4
"486","Martin PG","other",2,4
"487","Matkowski B","lead",2,3
"488","Matschke V","lead",2,2
"489","Maurits NM","other",2,2
"490","McKenzie CA","other",2,2
"491","Mecheri H","other",2,2
"492","Milioni F","lead",2,3
"493","Millard-Stafford ML","other",2,2
"494","Minetto MA","other",2,3
"495","Mizner RL","lead",2,4
"496","Mizner RL","other",2,4
"497","Mohr M","other",2,2
"498","Morel C","other",2,2
"499","Morrison SA","lead",2,3
"500","Mourot L","other",2,2
"501","Mullen T","lead",2,2
"502","Murphy A","other",2,2
"503","Murphy P","other",2,2
"504","Mustacchi V","other",2,2
"505","Newton R","other",2,2
"506","Newton RU","other",2,2
"507","Nollet F","other",2,2
"508","O'Brien SM","lead",2,2
"509","Olsen HB","other",2,2
"510","Onambele GN","lead",2,3
"511","Opar DA","other",2,2
"512","Øren TS","other",2,2
"513","Paalman MI","other",2,2
"514","Padua DA","other",2,2
"515","Pageaux B","lead",2,3
"516","Pain MT","other",2,2
"517","Paizis C","other",2,2
"518","Palmieri-Smith RM","other",2,2
"519","Pap G","other",2,3
"520","Pearcey GE","lead",2,2
"521","Pedrinolla A","other",2,2
"522","Périard JD","other",2,6
"523","Pérot C","other",2,2
"524","Perreault EJ","other",2,2
"525","Perrod L","other",2,2
"526","Perumal R","other",2,2
"527","Pickkers P","other",2,2
"528","Pinniger GJ","lead",2,2
"529","Pointon M","lead",2,2
"530","Prak RF","lead",2,3
"531","Presland JD","lead",2,2
"532","Pullinger SA","other",2,2
"533","Raastad T","other",2,2
"534","Rattey J","other",2,3
"535","Ritzmann R","other",2,2
"536","Robertson CM","other",2,2
"537","Rodriguez KM","other",2,2
"538","Roeleveld K","other",2,2
"539","Rossi AP","other",2,2
"540","Rossi J","other",2,2
"541","Rouffet DM","other",2,2
"542","Rozand V","lead",2,3
"543","Rupp T","lead",2,3
"544","Ruzzante F","other",2,2
"545","Ryan ED","lead",2,10
"546","Saito I","other",2,2
"547","Šarabon N","other",2,2
"548","Sartorio A","other",2,2
"549","Sato Y","other",2,2
"550","Schäfer LU","lead",2,2
"551","Schmidt RJ","other",2,2
"552","Schneebeli A","other",2,2
"553","Seynnes O","other",2,2
"554","Seynnes OR","other",2,3
"555","Shield AJ","other",2,2
"556","Sidhu SK","other",2,2
"557","Siebert T","other",2,2
"558","Silva-Cavalcante MD","lead",2,9
"559","Singh SM","other",2,2
"560","Sipaviciene S","other",2,2
"561","Sjøgaard G","other",2,2
"562","Škarabot J","other",2,2
"563","Skein M","lead",2,5
"564","Smart RR","other",2,2
"565","Smith CM","other",2,2
"566","Snape A","other",2,2
"567","Souron R","lead",2,2
"568","Spang JT","other",2,2
"569","Spriet LL","other",2,2
"570","Stackhouse S","other",2,2
"571","Stein RB","lead",2,2
"572","Stevenot JD","other",2,2
"573","Stevens-Lapsley JE","other",2,2
"574","Stevens DE","other",2,2
"575","Stewart RD","lead",2,2
"576","Stock MS","other",2,2
"577","Stutzig N","lead",2,2
"578","Suter E","lead",2,2
"579","Sveistrup H","other",2,2
"580","Sweitzer BA","other",2,2
"581","Taylor JL","lead",2,16
"582","Theurel J","other",2,3
"583","Thomas CK","other",2,2
"584","Thorstensson A","other",2,2
"585","Thurston TS","other",2,3
"586","Tillin NA","other",2,3
"587","Tinazzi M","other",2,2
"588","Todd G","lead",2,2
"589","Tofari PJ","lead",2,3
"590","Towles JD","other",2,2
"591","Trajano GS","lead",2,5
"592","Trezise J","lead",2,2
"593","Tsao H","lead",2,2
"594","Unhjem R","lead",2,3
"595","Urbach D","lead",2,4
"596","Urbach D","other",2,4
"597","Vallier JM","other",2,2
"598","van Mechelen W","other",2,2
"599","Vanhatalo A","other",2,2
"600","Vanoncini M","other",2,2
"601","Vercruyssen F","other",2,3
"602","Vernillo G","other",2,2
"603","Vitry F","lead",2,2
"604","Voukelatos D","lead",2,2
"605","Wan HY","other",2,3
"606","Waterhouse JM","other",2,2
"607","Weavil JC","other",2,3
"608","Westerblad H","other",2,2
"609","Williams AG","other",2,2
"610","Williams DM","lead",2,2
"611","Williams NC","other",2,2
"612","Wilson MG","other",2,2
"613","Woledge RC","other",2,2
"614","Yata H","other",2,2
"615","Yoon T","lead",2,5
"616","Zhou P","other",2,3
"617","Zhou S","other",2,2
"618","Zoppirolli C","other",2,2
"619","Zory R","lead",2,5
"620","Zult T","lead",2,2
"621","Zwarts MJ","other",2,3
"622","Aas SN","lead",1,1
"623","Aase OJ","other",1,1
"624","Abdalla LHP","lead",1,1
"625","Abe T","other",1,1
"626","Abellán-Aynés O","other",1,1
"627","Achatz F","other",1,1
"628","Ackland TR","other",1,1
"629","Acosta AM","other",1,1
"630","Afsharipour B","other",1,3
"631","Agbulut O","other",1,1
"632","Agostino D","other",1,1
"633","Ahmadi H","lead",1,2
"634","Ahmadi H","other",1,2
"635","Ahmaidi S","other",1,1
"636","Ahmed AEM","other",1,1
"637","Ahtiainen JP","other",1,1
"638","Aibast H","other",1,1
"639","Ainslie PN","other",1,1
"640","Airaksinen O","other",1,1
"641","Akima H","other",1,1
"642","Al-Omar AO","other",1,1
"643","Albo E","other",1,1
"644","Alcântara CC","other",1,1
"645","Alcon A","other",1,1
"646","Alder G","other",1,1
"647","Aleixandre M","other",1,1
"648","Alén M","other",1,1
"649","Ali S","other",1,1
"650","Alizadeh S","other",1,1
"651","Aljuraifani R","other",1,1
"652","Alkjær T","other",1,1
"653","Allen EJ","other",1,1
"654","Allen GM","lead",1,1
"655","Allen MD","lead",1,5
"656","Allen TJ","other",1,1
"657","Allen TS","other",1,1
"658","Allman BL","other",1,3
"659","Allum JH","other",1,1
"660","Almeida F","other",1,1
"661","Alrowayeh HN","lead",1,1
"662","Alt W","other",1,1
"663","Alvarez L","other",1,1
"664","Alzeeby M","other",1,1
"665","Amano S","other",1,1
"666","Ambrosino N","other",1,1
"667","Ambrosio L","other",1,1
"668","Amiridis I","lead",1,1
"669","Amirjani N","other",1,1
"670","Andersen H","other",1,1
"671","Andersen K","other",1,1
"672","Andersen M","other",1,1
"673","Anderson K","other",1,1
"674","Andersson K","other",1,1
"675","Ando R","other",1,1
"676","Andreasen AK","lead",1,1
"677","Andrejeva J","other",1,1
"678","Andreu-Caravaca L","lead",1,1
"679","Andrushko JW","other",1,1
"680","Antonietti JP","other",1,1
"681","Ao M","other",1,1
"682","Arabatzi F","other",1,1
"683","Arampatzis A","lead",1,2
"684","Arampatzis A","other",1,2
"685","Arendt-Nielsen L","other",1,1
"686","Arguelles GD","other",1,1
"687","Ariano P","other",1,1
"688","Arias P","other",1,1
"689","Ariatti A","other",1,1
"690","Arimura K","lead",1,1
"691","Arimura Y","other",1,1
"692","Aris Kouyoumdjian J","other",1,1
"693","Arlt A","other",1,1
"694","Arnold BE","other",1,1
"695","Arnold WD","other",1,1
"696","Ataide-Silva T","other",1,1
"697","Atherton PJ","other",1,1
"698","Atkinson E","other",1,1
"699","Atkinson G","other",1,1
"700","Avin KG","lead",1,1
"701","Axe MJ","other",1,1
"702","Azarbarzin A","other",1,1
"703","B Seitz L","other",1,1
"704","Bachasson D","other",1,5
"705","Bailey SJ","other",1,1
"706","Bakenecker P","other",1,1
"707","Baker LL","other",1,1
"708","Baker MR","other",1,1
"709","Baldissera F","lead",1,1
"710","Baldissera FG","lead",1,1
"711","Ball D","other",1,1
"712","Balshaw TG","other",1,1
"713","Bampouras TM","other",1,4
"714","Banfi JC","other",1,1
"715","Bankers S","other",1,1
"716","Bankole C","other",1,1
"717","Banzet S","other",1,1
"718","Barachon N","other",1,1
"719","Baranauskiene N","other",1,1
"720","Barber LA","lead",1,3
"721","Barbero M","other",1,1
"722","Barbi C","other",1,1
"723","Barral J","other",1,1
"724","Barrett RS","other",1,1
"725","Barry AJ","lead",1,1
"726","Barss TS","lead",1,2
"727","Barss TS","other",1,2
"728","Barstow TJ","other",1,1
"729","Bartlett MF","other",1,1
"730","Barwood M","other",1,1
"731","Bassa E","other",1,1
"732","Basu N","other",1,1
"733","Bates NA","other",1,1
"734","Bath PM","other",1,1
"735","Baudry S","lead",1,6
"736","Baumeister J","other",1,1
"737","Baxter J","other",1,1
"738","Bayle N","other",1,1
"739","Bayley MT","other",1,1
"740","Beagley KW","other",1,1
"741","Bearne LM","lead",1,1
"742","Bebenek M","other",1,1
"743","Bech KT","lead",1,1
"744","Bech SR","lead",1,1
"745","Beck TW","other",1,1
"746","Becker R","other",1,3
"747","Bednar MS","other",1,1
"748","Beelen A","lead",1,2
"749","Beelen A","other",1,2
"750","Behrman A","other",1,1
"751","Behrman AL","other",1,1
"752","Bélanger M","other",1,1
"753","Bell GJ","other",1,1
"754","Belleville J","other",1,1
"755","Bellomo RG","other",1,1
"756","Beltman M","other",1,1
"757","Beltman MJ","other",1,1
"758","Ben Hassen H","other",1,1
"759","Bendahan D","other",1,1
"760","Benjaminse A","other",1,1
"761","Benoit DL","other",1,1
"762","Beretta-Piccoli M","other",1,1
"763","Bergstrom HC","other",1,1
"764","Berrut G","other",1,1
"765","Bertacchini L","other",1,1
"766","Berth A","other",1,3
"767","Bertucci DR","other",1,1
"768","Bertuzzi R","lead",1,12
"769","Besson T","lead",1,3
"770","Beuster N","other",1,1
"771","Beyer I","other",1,1
"772","Beynnon B","other",1,1
"773","Bhadane M","other",1,1
"774","Biancarelli B","other",1,1
"775","Bieuzen F","lead",1,1
"776","Bigham H","other",1,1
"777","Billaut F","lead",1,2
"778","Billaut F","other",1,2
"779","Billet C","other",1,1
"780","Billot M","other",1,1
"781","Bilzon JLj","other",1,1
"782","Binder-Macleod SA","lead",1,5
"783","Binder I","other",1,1
"784","Birat A","lead",1,1
"785","Birbaumer N","other",1,1
"786","Bird SP","other",1,1
"787","Birmingham TB","other",1,1
"788","Biro A","lead",1,1
"789","Biscarini A","other",1,1
"790","Bisconti AV","other",1,1
"791","Bishop M","other",1,1
"792","Bizzini M","other",1,1
"793","Bjørgen M","other",1,1
"794","Bjørnsen T","other",1,1
"795","Black CD","other",1,3
"796","Blaženovic I","other",1,1
"797","Bledsoe AD","other",1,1
"798","Blefari ML","other",1,1
"799","Bliddal H","other",1,1
"800","Blouin JS","other",1,1
"801","Blum Y","other",1,1
"802","Boentert M","other",1,1
"803","Boerio D","lead",1,1
"804","Boërio D","other",1,1
"805","Bogacheva IN","other",1,1
"806","Bøgseth T","other",1,1
"807","Boirie Y","other",1,1
"808","Boisson RC","other",1,1
"809","Bonitch-Góngora J","other",1,1
"810","Bontemps B","lead",1,5
"811","Boon AJ","lead",1,1
"812","Borrione P","other",1,1
"813","Bortolan L","other",1,1
"814","Borzuola R","lead",1,1
"815","Bosch JA","other",1,1
"816","Bottinelli R","other",1,1
"817","Bottle E","lead",1,1
"818","Boucher JA","other",1,1
"819","Boudinet H","other",1,1
"820","Bouffard J","lead",1,1
"821","Boullosa D","other",1,1
"822","Boullosa DA","other",1,1
"823","Bourcet MR","other",1,1
"824","Bourdillon N","other",1,1
"825","Boutte C","other",1,1
"826","Bouwmeester NM","other",1,1
"827","Bouzid MA","other",1,1
"828","Bova AM","other",1,1
"829","Bowden JL","lead",1,1
"830","Bowtell JL","other",1,1
"831","Boyas S","lead",1,1
"832","Boychuk KE","lead",1,1
"833","Boyd K","other",1,1
"834","Brændvik SM","lead",1,1
"835","Brandenberger KJ","lead",1,1
"836","Brandstater ME","other",1,1
"837","Brasy J","other",1,1
"838","Bravi M","other",1,1
"839","Bravo-Esteban E","lead",1,1
"840","Breit M","other",1,1
"841","Bremner CB","lead",1,1
"842","Brerro-Saby C","other",1,1
"843","Brietzke C","other",1,1
"844","Brix T","other",1,1
"845","Broadbent S","other",1,1
"846","Brochard L","other",1,1
"847","Brocherie F","other",1,1
"848","Brooks J","other",1,1
"849","Broome C","other",1,1
"850","Brosseau O","other",1,1
"851","Brown CD","other",1,1
"852","Brown N","lead",1,1
"853","Brown RE","lead",1,2
"854","Brown RE","other",1,2
"855","Brown SR","other",1,1
"856","Brownstein CG","other",1,1
"857","Broxterman RM","lead",1,3
"858","Bruce CD","lead",1,1
"859","Bruce SH","other",1,1
"860","Brugniaux J","other",1,1
"861","Brüls O","other",1,1
"862","Brundin L","other",1,1
"863","Bruseghini P","lead",1,1
"864","Brustio PR","other",1,1
"865","Bruton JD","other",1,1
"866","Bryant DM","other",1,1
"867","Bryden AM","other",1,1
"868","Bubeck D","other",1,1
"869","Bucas M","other",1,1
"870","Buchanan TS","other",1,1
"871","Buchheit M","other",1,1
"872","Buckle NCM","other",1,1
"873","Buckner SL","other",1,1
"874","Bucková K","other",1,1
"875","Buht N","other",1,1
"876","Buoite Stella A","other",1,1
"877","Burdon CA","lead",1,1
"878","Burgomaster KA","other",1,1
"879","Burke JR","other",1,1
"880","Burniston JG","other",1,1
"881","Burtscher M","other",1,1
"882","Butler HL","lead",1,1
"883","Butt JC","other",1,1
"884","Button D","other",1,1
"885","Button DC","lead",1,7
"886","Buyckx M","other",1,1
"887","Buys MJ","other",1,1
"888","Byrne JM","other",1,1
"889","Cable NT","other",1,1
"890","Cahill F","lead",1,2
"891","Cahill F","other",1,2
"892","Cairns SP","other",1,1
"893","Caldas VM","lead",1,1
"894","Callaghan MJ","lead",1,1
"895","Cameron J","other",1,1
"896","Campbell EL","lead",1,1
"897","Campbell JA","other",1,1
"898","Campbell KL","other",1,1
"899","Campi S","other",1,1
"900","Canali E","other",1,1
"901","Candau R","other",1,1
"902","Candow DG","other",1,1
"903","Cannavan D","lead",1,1
"904","Cannon J","lead",1,9
"905","Cao LJ","other",1,1
"906","Capelli C","other",1,1
"907","Capodaglio P","other",1,1
"908","Caporaso F","other",1,1
"909","Cappellini G","other",1,1
"910","Carabello RJ","other",1,1
"911","Carballeira E","other",1,1
"912","Cardinale M","other",1,1
"913","Carducci F","other",1,1
"914","Carlomagno D","other",1,1
"915","Carlucci F","other",1,1
"916","Carroll M","other",1,1
"917","Carroll TJ","lead",1,5
"918","Casamento-Moran A","other",1,1
"919","Casartelli N","other",1,1
"920","Casartelli NC","lead",1,2
"921","Casartelli NC","other",1,2
"922","Caserotti P","other",1,1
"923","Castelli F","other",1,1
"924","Castle PC","other",1,1
"925","Cathers I","lead",1,1
"926","Cattaneo L","lead",1,1
"927","Cavedon V","other",1,1
"928","Cavuoto LA","other",1,1
"929","Cè E","lead",1,1
"930","Celadon N","lead",1,1
"931","Cerón J","other",1,1
"932","Chacon-Mikahil MPT","other",1,1
"933","Chalabi H","other",1,1
"934","Chalchat E","lead",1,5
"935","Chan HL","other",1,1
"936","Chan KM","lead",1,1
"937","Chandra S","lead",1,3
"938","Chang FY","other",1,1
"939","Chang SH","lead",1,1
"940","Chang YJ","lead",1,5
"941","Chapman ND","lead",1,1
"942","Chapuis S","other",1,1
"943","Charbonnier F","other",1,1
"944","Chartogne M","lead",1,1
"945","Charuphongsa C","other",1,1
"946","Chater-Diehl EJ","other",1,1
"947","Chatonnet A","other",1,1
"948","Chauvet L","other",1,1
"949","Chawawisuttikool J","other",1,1
"950","Chen J","other",1,1
"951","Chen R","other",1,1
"952","Chen SM","other",1,1
"953","Chen YC","other",1,1
"954","Cheng AJ","other",1,4
"955","Chennaoui M","other",1,1
"956","Cheung S","other",1,1
"957","Chevessier F","other",1,1
"958","Chi SC","other",1,1
"959","Chia E","lead",1,1
"960","Chislett M","other",1,1
"961","Chmielewski TL","lead",1,2
"962","Chmielewski TL","other",1,2
"963","Chorin F","other",1,1
"964","Chou LW","other",1,1
"965","Chouza-Insua M","other",1,1
"966","Chow JW","other",1,1
"967","Chrismas BC","lead",1,1
"968","Christensen MS","lead",1,1
"969","Christou EA","other",1,1
"970","Chtourou H","other",1,1
"971","Chuang LL","other",1,1
"972","Chuang YF","other",1,1
"973","Chung LH","other",1,1
"974","Cina J","other",1,1
"975","Clark A","other",1,1
"976","Clark BC","lead",1,3
"977","Clark DJ","lead",1,1
"978","Clark LA","lead",1,2
"979","Clark LA","other",1,2
"980","Clarke A","other",1,1
"981","Clarke N","other",1,1
"982","Clémençon M","other",1,1
"983","Clijsen R","other",1,1
"984","Cochrane-Snyman KC","other",1,1
"985","Cochrane DJ","other",1,1
"986","Cochrane KC","other",1,1
"987","Coleman DR","other",1,1
"988","Collier N","other",1,1
"989","Collier NB","lead",1,1
"990","Collins BW","lead",1,1
"991","Collison JA","lead",1,1
"992","Colomer-Poveda D","other",1,1
"993","Colonnese C","other",1,1
"994","Colquhoun RJ","other",1,1
"995","Cometti C","lead",1,1
"996","Compton CT","other",1,1
"997","Conde Alonso S","other",1,1
"998","Connan Y","other",1,1
"999","Conson M","other",1,1
"1000","Contemori S","lead",1,1
"1001","Contessa P","lead",1,2
"1002","Contessa P","other",1,2
"1003","Cooper MA","lead",1,2
"1004","Cooper MA","other",1,2
"1005","Cooper RG","other",1,1
"1006","Cooray G","other",1,1
"1007","Copithorne D","other",1,1
"1008","Coratella G","lead",1,2
"1009","Coratella G","other",1,2
"1010","Corden S","other",1,1
"1011","Cormack S","other",1,1
"1012","Cormack SJ","other",1,1
"1013","Cormier ML","other",1,1
"1014","Cornett KMD","other",1,1
"1015","Cornwell A","other",1,1
"1016","Côté JN","other",1,1
"1017","Cotton PD","other",1,1
"1018","Couturier C","other",1,1
"1019","Craig JC","other",1,1
"1020","Cramer MN","other",1,1
"1021","Cramp MC","other",1,1
"1022","Crivelli G","lead",1,1
"1023","Croisier JL","other",1,1
"1024","Cross R","lead",1,6
"1025","Crowley-McHattan ZJ","other",1,1
"1026","Cudeiro J","other",1,1
"1027","Cumming KT","other",1,1
"1028","Cureton KJ","lead",1,1
"1029","Curnew RS","other",1,1
"1030","Cursiol JA","other",1,1
"1031","Cuypers K","other",1,1
"1032","Cveticanin B","other",1,1
"1033","D'Amico JM","lead",1,1
"1034","Da-Silva KJ","other",1,1
"1035","da Rocha AL","other",1,1
"1036","DA Silva F","lead",1,1
"1037","Da Silva KJ","lead",1,1
"1038","Da Silva LC","other",1,1
"1039","Daigeler A","lead",1,1
"1040","Dalgas U","other",1,1
"1041","Daly RM","lead",1,1
"1042","Daniele RM","lead",1,1
"1043","Danielson J","other",1,1
"1044","Daniuseviciute L","other",1,1
"1045","Danneskiold-Samsøe B","other",1,1
"1046","Davi S","other",1,1
"1047","Davis-Wilson HC","other",1,1
"1048","Davis JM","other",1,1
"1049","Davis MP","other",1,1
"1050","Davranche K","other",1,1
"1051","Dawes H","other",1,1
"1052","Day SJ","other",1,1
"1053","Dayton MR","other",1,1
"1054","De-Lap BS","other",1,1
"1055","De-Mello APA","other",1,1
"1056","de Andrade VL","other",1,1
"1057","de Arruda TB","lead",1,2
"1058","de Arruda TB","other",1,2
"1059","De Ayala RJ","other",1,1
"1060","De Baets MH","other",1,1
"1061","de Boer MD","lead",1,1
"1062","De Coulon G","other",1,1
"1063","de Faria FO","other",1,1
"1064","de Haan A","lead",1,19
"1065","de Jong BA","other",1,1
"1066","de Korte A","other",1,1
"1067","de Lima FF","other",1,1
"1068","De Luca CJ","other",1,1
"1069","De Lucas RD","other",1,1
"1070","de Mattos ECT","other",1,1
"1071","de Melo CM","other",1,1
"1072","De Monte G","other",1,1
"1073","de Poli RAB","lead",1,2
"1074","de Poli RAB","other",1,2
"1075","De Ruiter CJ","other",1,1
"1076","de Russo TL","other",1,1
"1077","de Visser M","other",1,1
"1078","Debenham MIB","other",1,1
"1079","Decherchi P","other",1,1
"1080","Decker D","other",1,1
"1081","Del Balso C","lead",1,2
"1082","Del Balso C","other",1,2
"1083","Del Coso J","lead",1,1
"1084","Delgadillo JD","lead",1,1
"1085","DelloRusso C","other",1,1
"1086","Delmas S","lead",1,1
"1087","Demoule A","other",1,1
"1088","Denadai BS","other",1,1
"1089","Denaro V","other",1,1
"1090","Denis R","other",1,1
"1091","Dennis DA","lead",1,1
"1092","Denoël V","other",1,1
"1093","Dent J","other",1,1
"1094","Derosiere G","other",1,1
"1095","Desbrosses K","lead",1,2
"1096","Desbrosses K","other",1,2
"1097","Deschamps T","other",1,1
"1098","Deshon LE","other",1,1
"1099","Desjardins P","other",1,1
"1100","Dewald JPA","other",1,1
"1101","Di Pino G","other",1,1
"1102","Diaz Balzani L","other",1,1
"1103","DiCaprio PA","other",1,1
"1104","Dickson J","other",1,1
"1105","Dimitriou L","other",1,1
"1106","Diong J","lead",1,2
"1107","Diong J","other",1,2
"1108","Diss CE","other",1,1
"1109","Dittrich N","lead",1,1
"1110","Dix GU","other",1,1
"1111","Dixon J","other",1,1
"1112","Djajadikarta ZJ","lead",1,1
"1113","do Nascimento BG","lead",1,1
"1114","Dodd D","other",1,1
"1115","Dodic T","other",1,1
"1116","Dodu A","other",1,1
"1117","Doestzada M","other",1,1
"1118","Doguet V","other",1,4
"1119","Dolinsky M","other",1,1
"1120","Doma K","other",1,1
"1121","Dominici N","other",1,1
"1122","Dong XN","other",1,1
"1123","Dongés SC","other",1,1
"1124","Donghi F","lead",1,1
"1125","Dorel S","other",1,1
"1126","Doria C","other",1,1
"1127","Dos-Santos JW","other",1,1
"1128","Došen S","other",1,1
"1129","Doutreleau S","other",1,1
"1130","Dowson MN","other",1,1
"1131","Doyle J","other",1,1
"1132","Doyle JA","other",1,1
"1133","Drechsler WI","lead",1,1
"1134","Drinkwater EJ","other",1,4
"1135","Drogou C","other",1,1
"1136","Drover JM","lead",1,1
"1137","Drust B","other",1,1
"1138","Dubau Q","other",1,1
"1139","Duclay J","other",1,1
"1140","Ducrocq GP","other",1,3
"1141","Duddy M","other",1,1
"1142","Duff WRD","lead",1,1
"1143","Duffield R","lead",1,7
"1144","Duhamel G","other",1,1
"1145","Dupont AC","other",1,1
"1146","Dupui P","other",1,1
"1147","Dupuy A","other",1,1
"1148","Duran I","other",1,1
"1149","Duus B","other",1,1
"1150","Easthope CS","other",1,1
"1151","Eckert DJ","other",1,1
"1152","Edge KT","other",1,1
"1153","Edwards BA","other",1,1
"1154","Edwards BJ","lead",1,2
"1155","Edwards BJ","other",1,2
"1156","Edwards WB","other",1,1
"1157","Ehrstrom S","other",1,1
"1158","Ehrström S","lead",1,1
"1159","Eibye K","other",1,1
"1160","Eichelberger TD","lead",1,1
"1161","Eischer C","other",1,1
"1162","Eisennagel A","other",1,1
"1163","Eisennagel J","other",1,1
"1164","Ekblom MM","lead",1,1
"1165","Eklund D","lead",1,2
"1166","Eklund D","other",1,2
"1167","ElAttrache NS","other",1,1
"1168","Elboim-Gabyzon M","lead",1,1
"1169","Elich P","other",1,1
"1170","Ellis KA","other",1,1
"1171","Ellison PM","lead",1,1
"1172","Elvrum AK","other",1,1
"1173","Elzinga MJ","other",1,1
"1174","Enomoto M","other",1,1
"1175","Erb MD","other",1,1
"1176","Erskine RM","lead",1,1
"1177","Espeit L","lead",1,2
"1178","Espeit L","other",1,2
"1179","Esposito F","other",1,1
"1180","Esposti R","other",1,1
"1181","Estephan EP","other",1,1
"1182","Estevez D","other",1,1
"1183","Estevez E","other",1,1
"1184","Evans CD","other",1,1
"1185","Even B","other",1,1
"1186","Eventide C","lead",1,1
"1187","Everding VQ","other",1,1
"1188","Fabre JB","lead",1,1
"1189","Fabre MS","other",1,1
"1190","Faghri PD","lead",1,2
"1191","Faghri PD","other",1,2
"1192","Falk B","other",1,1
"1193","Falla D","other",1,1
"1194","Fanchini M","other",1,1
"1195","Fansa H","other",1,1
"1196","Farina D","other",1,1
"1197","Fariñas J","other",1,1
"1198","Farquhar SJ","lead",1,1
"1199","Farris DJ","other",1,1
"1200","Favre-Juvin A","other",1,1
"1201","Feasson L","other",1,1
"1202","Feldman MR","other",1,1
"1203","Felippe LC","lead",1,5
"1204","Felsenberg D","other",1,1
"1205","Felson DT","other",1,1
"1206","Feng C","other",1,1
"1207","Fenton J","other",1,1
"1208","Feriche B","other",1,1
"1209","Fernández-Del-Olmo M","other",1,1
"1210","FernáNdez Del Olmo M","other",1,1
"1211","Ferraresi I","other",1,1
"1212","Ferrari-Malik A","other",1,1
"1213","Ferreira GA","lead",1,4
"1214","Ferrell S","other",1,1
"1215","Ferri A","lead",1,2
"1216","Ferri A","other",1,2
"1217","Ferrigno G","other",1,1
"1218","Ferry A","lead",1,1
"1219","Feys P","other",1,1
"1220","Fice JB","lead",1,1
"1221","Fielding RA","other",1,1
"1222","Fimland MS","lead",1,1
"1223","Finn H","other",1,1
"1224","Finn HT","lead",1,3
"1225","Finni T","other",1,1
"1226","Fiorenza M","lead",1,1
"1227","Fischer DC","other",1,1
"1228","Fitzgerald J","other",1,1
"1229","Fitzgerald LF","lead",1,1
"1230","Fitzpatrick SC","other",1,1
"1231","Flatman MM","other",1,1
"1232","Flaxman TE","lead",1,1
"1233","Fletcher JR","other",1,1
"1234","Floreani M","other",1,1
"1235","Fly AD","other",1,1
"1236","Flynn S","lead",1,1
"1237","Foley KP","other",1,1
"1238","Folland J","other",1,1
"1239","Fonte C","other",1,1
"1240","Foo Y","other",1,1
"1241","Fook-Chong S","other",1,1
"1242","Forand DR","other",1,1
"1243","Forthomme B","other",1,1
"1244","Forward T","other",1,1
"1245","Fossati C","other",1,1
"1246","Fouré A","lead",1,1
"1247","Fowler N","other",1,1
"1248","France CR","other",1,1
"1249","Francisco GE","other",1,1
"1250","Franco-Alvarenga PE","other",1,1
"1251","Frazer AK","lead",1,1
"1252","Fregosi RF","other",1,1
"1253","Freiberger E","other",1,1
"1254","Freyler K","other",1,1
"1255","Frostell A","lead",1,1
"1256","Fu SC","other",1,1
"1257","Fuhrmann J","other",1,1
"1258","Fujimaru I","other",1,1
"1259","Fukashiro S","other",1,1
"1260","Fulton TJ","other",1,1
"1261","Gaber KM","lead",1,1
"1262","Gabriel DA","other",1,1
"1263","Gaemelke T","lead",1,1
"1264","Gage M","lead",1,2
"1265","Gage M","other",1,2
"1266","Gaillien B","other",1,1
"1267","Gajanand T","lead",1,1
"1268","Galassi G","lead",1,1
"1269","Gamerro G","other",1,1
"1270","Gandevia S","lead",1,1
"1271","Gandhi J","lead",1,1
"1272","Gao F","lead",1,1
"1273","Gao Y","other",1,1
"1274","Gaoua N","other",1,1
"1275","Gapeyeva H","lead",1,3
"1276","García-Ramos A","other",1,1
"1277","Garcia-Vicencio S","other",1,4
"1278","Garcia JM","other",1,1
"1279","Garcia Vicencio S","other",1,1
"1280","Gardiner PF","other",1,1
"1281","Garmirian LRP","lead",1,1
"1282","Garnier Y","other",1,1
"1283","Garnier YM","other",1,3
"1284","Garrandes F","lead",1,1
"1285","Gassert R","other",1,1
"1286","Gauche E","lead",1,1
"1287","Gaudet S","lead",1,1
"1288","Gauvin M","other",1,1
"1289","Gavin JP","lead",1,1
"1290","Geiger M","lead",1,1
"1291","Georgescu VP","other",1,1
"1292","Gerasimenko YP","lead",1,1
"1293","Gergelé L","other",1,1
"1294","Gerrits K","lead",1,2
"1295","Gerrits K","other",1,2
"1296","Gerrits KH","lead",1,4
"1297","Geva D","other",1,1
"1298","Geyssant A","other",1,1
"1299","Ghasemi M","other",1,1
"1300","Ghassemi M","lead",1,1
"1301","Ghesmaty Sangachin M","other",1,1
"1302","Giacomoni M","other",1,1
"1303","Giandolini M","other",1,3
"1304","Gianoudis J","other",1,1
"1305","Gibala MJ","other",1,1
"1306","Gibbs CP","other",1,1
"1307","Gibson W","other",1,1
"1308","Giesbrecht GG","other",1,1
"1309","Giffin JR","other",1,1
"1310","Gilbert G","other",1,1
"1311","Gillen ZM","lead",1,1
"1312","Gillett JG","other",1,1
"1313","Gilmore KJ","lead",1,3
"1314","Giovanelli N","lead",1,1
"1315","Giroux C","lead",1,1
"1316","Gitler A","other",1,1
"1317","Giustiniani M","other",1,1
"1318","Gjellesvik TI","other",1,1
"1319","Glatthorn JF","other",1,1
"1320","Gnat R","lead",1,1
"1321","Gokeler A","lead",1,3
"1322","Gollhofer A","other",1,1
"1323","Gómez-Soriano J","other",1,1
"1324","Gomez N","other",1,1
"1325","Gonglach AR","other",1,1
"1326","González-Hernández JM","lead",1,1
"1327","Gonzalez JT","other",1,1
"1328","Gonzalez M","other",1,1
"1329","Goodall S","lead",1,9
"1330","Gordon RJFH","lead",1,1
"1331","Gorman RB","other",1,1
"1332","Goudsmit JF","other",1,1
"1333","Graça CR","other",1,1
"1334","Gracies JM","other",1,1
"1335","Granacher U","other",1,1
"1336","Granata KP","other",1,1
"1337","Gransberg L","other",1,1
"1338","Grassi B","other",1,1
"1339","Gravel C","other",1,1
"1340","Graven-Nielsen T","lead",1,1
"1341","Greco CC","other",1,1
"1342","Green DJ","lead",1,1
"1343","Greenway MJ","other",1,1
"1344","Gregory C","other",1,1
"1345","Gregory CM","other",1,1
"1346","Grelot L","other",1,1
"1347","Grélot L","other",1,1
"1348","Gremion G","other",1,1
"1349","Grenier JG","lead",1,1
"1350","Grenier S","other",1,1
"1351","Grey MJ","other",1,1
"1352","Gribble P","other",1,1
"1353","Gribble PA","other",1,1
"1354","Griffin L","lead",1,3
"1355","Grindstaff TL","lead",1,2
"1356","Grindstaff TL","other",1,2
"1357","Grooms DR","other",1,1
"1358","Gross R","other",1,1
"1359","Grosset JF","lead",1,1
"1360","Grossi D","other",1,1
"1361","Grossoeuvre C","other",1,1
"1362","Grusky AR","other",1,1
"1363","Gryson C","other",1,1
"1364","Gualano B","other",1,1
"1365","Gueldich H","lead",1,1
"1366","Guérin O","other",1,1
"1367","Guerin P","other",1,1
"1368","Guette M","lead",1,3
"1369","Guglielmo LGA","other",1,1
"1370","Guimarães AT","other",1,1
"1371","Guimares A","other",1,1
"1372","Guiraud D","other",1,1
"1373","Guissard N","other",1,1
"1374","Gunnarsson TP","other",1,1
"1375","Gür H","lead",1,1
"1376","Gutsch SB","other",1,1
"1377","Haakana P","other",1,1
"1378","Haas B","other",1,1
"1379","Hadj-Said W","other",1,1
"1380","Haeufle DFB","other",1,1
"1381","Häkkinen A","other",1,1
"1382","Hakkinen K","other",1,1
"1383","Hald M","other",1,1
"1384","Hali K","lead",1,1
"1385","Halická Z","lead",1,1
"1386","Halley S","other",1,1
"1387","Halperin I","lead",1,1
"1388","Hamilton AF","lead",1,1
"1389","Hammond KG","lead",1,1
"1390","Hamzah SH","other",1,1
"1391","Hannah R","other",1,1
"1392","Hannonen P","other",1,1
"1393","Hardy MA","other",1,1
"1394","Harkey MH","other",1,1
"1395","Harkey MS","lead",1,3
"1396","Harkins A","other",1,1
"1397","Harmer AR","other",1,1
"1398","Harnie J","lead",1,2
"1399","Harnie J","other",1,2
"1400","Harper CM","other",1,1
"1401","Harper L","other",1,1
"1402","Harris I","other",1,1
"1403","Harris ML","lead",1,1
"1404","Harrison I","other",1,1
"1405","Hart JM","lead",1,3
"1406","Hartley GL","lead",1,1
"1407","Hartman MJ","lead",1,2
"1408","Hartman MJ","other",1,2
"1409","Hartmann H","other",1,1
"1410","Harwood B","lead",1,3
"1411","Hasegawa JS","other",1,1
"1412","Hatzikotoulas K","lead",1,1
"1413","Hatzitaki V","other",1,1
"1414","Haupt C","other",1,1
"1415","Hautier C","other",1,1
"1416","Havu M","other",1,1
"1417","Hawkins SA","other",1,1
"1418","Hay DC","other",1,1
"1419","Haynes M","other",1,1
"1420","He X","other",1,1
"1421","Hébreard L","other",1,1
"1422","Hedman B","other",1,1
"1423","Heiden TL","lead",1,1
"1424","Heineck J","lead",1,1
"1425","Heise CO","other",1,1
"1426","Heise S","other",1,1
"1427","Helgerud J","other",1,1
"1428","Henderson TK","other",1,1
"1429","Henke C","other",1,1
"1430","Herat N","other",1,1
"1431","Heraud N","other",1,1
"1432","Herbert RD","lead",1,1
"1433","Herbette G","other",1,1
"1434","Herkenrath S","other",1,1
"1435","Herlyn PK","other",1,1
"1436","Herzog W","lead",1,9
"1437","Hess A","other",1,1
"1438","Hewett TE","other",1,1
"1439","Higginson JS","other",1,1
"1440","Hight RE","lead",1,2
"1441","Hight RE","other",1,2
"1442","Hill NM","other",1,1
"1443","Hill T","other",1,1
"1444","Hinks A","lead",1,1
"1445","Hirata K","lead",1,4
"1446","Hlavacka F","other",1,1
"1447","Hodges P","other",1,1
"1448","Hodgson MD","lead",1,1
"1449","Hoecke JV","other",1,1
"1450","Hoffmann G","lead",1,1
"1451","Hogan C","other",1,1
"1452","Holcomb WR","other",1,1
"1453","Hollis S","lead",1,1
"1454","Holmbäck AM","other",1,1
"1455","Holtermann A","lead",1,2
"1456","Holtermann A","other",1,2
"1457","Holzer D","other",1,1
"1458","Honegger F","other",1,1
"1459","Hopman MT","other",1,1
"1460","Horemans HL","lead",1,1
"1461","Horie M","other",1,1
"1462","Horlings CG","other",1,1
"1463","Horstman A","lead",1,1
"1464","Horstman AM","other",1,4
"1465","Hortobágyi T","lead",1,4
"1466","Horvais N","other",1,1
"1467","Hotta N","lead",1,1
"1468","Hou J","other",1,1
"1469","Hourdé C","other",1,1
"1470","How SC","other",1,1
"1471","Howe TE","other",1,1
"1472","Hsiao SF","other",1,1
"1473","Hsu HH","other",1,1
"1474","Hsu MJ","lead",1,3
"1475","Huang H","other",1,1
"1476","Huang LP","lead",1,1
"1477","Huang P","other",1,1
"1478","Huang S","lead",1,1
"1479","Huang YC","other",1,1
"1480","Huang YM","lead",1,1
"1481","Huang YZ","lead",1,2
"1482","Huang YZ","other",1,2
"1483","Hubley-Kozey CL","other",1,1
"1484","Hucteau E","lead",1,2
"1485","Hucteau E","other",1,2
"1486","Hull HR","other",1,1
"1487","Hulliger M","lead",1,1
"1488","Hunter S","other",1,1
"1489","Hurd WJ","other",1,1
"1490","Hurley MV","other",1,1
"1491","Husted RS","lead",1,1
"1492","Hutin E","other",1,1
"1493","Hvid LG","lead",1,2
"1494","Hvid LG","other",1,2
"1495","Iaia FM","other",1,1
"1496","Iannetta D","other",1,1
"1497","Iglesias-Soler E","lead",1,1
"1498","Ihsan M","other",1,1
"1499","Iida N","other",1,1
"1500","Ingalls CP","other",1,1
"1501","Ingram TG","lead",1,1
"1502","Inkol KA","other",1,1
"1503","Ishimatsu H","other",1,1
"1504","Item-Glatthorn JF","other",1,1
"1505","Ivanenko YP","lead",1,1
"1506","Ivanova TD","other",1,1
"1507","Izquierdo M","other",1,1
"1508","Jaberzadeh S","other",1,1
"1509","Jacobs BC","other",1,1
"1510","Jacobson GA","other",1,1
"1511","Jagot K","other",1,1
"1512","Jahn D","other",1,1
"1513","Jaimes LM","other",1,1
"1514","Jakobsen AK","other",1,1
"1515","Jakobsen J","other",1,1
"1516","Jakobsen JP","other",1,1
"1517","Jakubowski KL","other",1,1
"1518","James DC","other",1,1
"1519","James E","lead",1,1
"1520","Janssen T","other",1,1
"1521","Janssen TW","other",1,1
"1522","Jayaraman A","other",1,3
"1523","Jean AM","other",1,1
"1524","Jenkins ND","lead",1,1
"1525","Jenkins NDM","lead",1,2
"1526","Jenkins NDM","other",1,2
"1527","Jeppesen GK","other",1,1
"1528","Jessen S","lead",1,1
"1529","Jessop JE","other",1,1
"1530","Jia C","other",1,1
"1531","Jiménez-Reyes P","other",1,1
"1532","Joanne P","other",1,1
"1533","Johansen KL","lead",1,1
"1534","Johnson GO","other",1,1
"1535","Johnson MA","lead",1,1
"1536","Johnson NA","other",1,1
"1537","Joiner KL","other",1,1
"1538","Jones AA","lead",1,1
"1539","Jones D","other",1,1
"1540","Jones G","other",1,1
"1541","Jones GR","other",1,1
"1542","Jones KE","other",1,1
"1543","Jones LK Jr","other",1,1
"1544","Juel VC","lead",1,1
"1545","Kahn LE","lead",1,1
"1546","Kalc M","lead",1,1
"1547","Kalkman JS","lead",1,1
"1548","Kalmar JM","other",1,3
"1549","Kalva-Filho CA","other",1,1
"1550","Kamandulis S","lead",1,4
"1551","Kamper DG","lead",1,5
"1552","Kaneko K","other",1,1
"1553","Karabulut M","lead",1,1
"1554","Karamanidis K","other",1,1
"1555","Karavirta L","other",1,1
"1556","Karsrud S","other",1,1
"1557","Kastre C","other",1,1
"1558","Katrak PH","other",1,1
"1559","Kaufman KR","other",1,1
"1560","Kavanagh JJ","other",1,4
"1561","Kawashima N","other",1,1
"1562","Kean CO","lead",1,1
"1563","Keane K","other",1,1
"1564","Keenan KG","lead",1,2
"1565","Keenan KG","other",1,2
"1566","Keiner M","other",1,1
"1567","Keir DA","other",1,1
"1568","Keith M","other",1,1
"1569","Keith MW","other",1,1
"1570","Keller ML","lead",1,1
"1571","Kelly BT","other",1,1
"1572","Kelly LP","other",1,1
"1573","Kemmler W","lead",1,1
"1574","Kennedy D","other",1,1
"1575","Kennedy DS","lead",1,3
"1576","Kennedy N","other",1,1
"1577","Kenno KA","other",1,1
"1578","Kent-Braun JA","other",1,1
"1579","Kent JA","other",1,1
"1580","Kerherve H","other",1,1
"1581","Kerhervé H","other",1,1
"1582","Kerr G","other",1,1
"1583","Kerr GK","other",1,1
"1584","Kesar T","other",1,1
"1585","Kesar TM","other",1,1
"1586","Khademi-Kalantari K","other",1,1
"1587","Khassetarash A","lead",1,1
"1588","Khodiguian N","lead",1,1
"1589","Kidgell D","other",1,1
"1590","Kido A","other",1,1
"1591","Kim D","other",1,1
"1592","Kim RH","other",1,1
"1593","Kim S","lead",1,1
"1594","Kim Y","other",1,1
"1595","King MA","other",1,1
"1596","Kinnunen JV","lead",1,1
"1597","Kinugasa R","other",1,1
"1598","Kipson N","other",1,1
"1599","Kirik S","lead",1,1
"1600","Kirkland M","other",1,1
"1601","Kishimoto KC","lead",1,1
"1602","Kisiel-Sajewicz K","lead",1,1
"1603","Kithas PA","other",1,1
"1604","Kjaer M","other",1,1
"1605","Kjølhede T","other",1,1
"1606","Klass M","other",1,4
"1607","Klika RJ","other",1,1
"1608","Knarr BA","lead",1,2
"1609","Knarr BA","other",1,2
"1610","Knez W","other",1,1
"1611","Knorr S","lead",1,1
"1612","Knutsson E","other",1,1
"1613","Kobal J","other",1,1
"1614","Kohl M","other",1,1
"1615","Kohn AF","other",1,1
"1616","Kohn S","lead",1,1
"1617","Koike T","other",1,1
"1618","Kokubun E","other",1,1
"1619","Kolenc M","lead",1,1
"1620","Kollias S","other",1,1
"1621","Komuro T","other",1,1
"1622","Kondo T","other",1,1
"1623","Konijnenbelt M","other",1,1
"1624","Konings MJ","lead",1,1
"1625","Konradsen L","lead",1,1
"1626","Kontulainen SA","other",1,1
"1627","Kooistra RD","lead",1,2
"1628","Kooistra RD","other",1,2
"1629","Koppe P","other",1,1
"1630","Kordi M","lead",1,1
"1631","Kotzamanidis C","other",1,1
"1632","Koulmann N","other",1,1
"1633","Kovac S","other",1,1
"1634","Kowalchuk JM","other",1,1
"1635","Kox M","lead",1,2
"1636","Kox M","other",1,2
"1637","Kozey JW","other",1,1
"1638","Kraemer WJ","other",1,1
"1639","Kramers I","other",1,1
"1640","Krause A","lead",1,1
"1641","Kreivenaite L","other",1,1
"1642","Krentz JR","other",1,1
"1643","Krogh M","other",1,1
"1644","Krogsgaard MR","other",1,1
"1645","Krohn A","other",1,1
"1646","Krüger RL","lead",1,2
"1647","Krüger RL","other",1,2
"1648","Krutky MA","other",1,1
"1649","Kuhl E","other",1,1
"1650","Kuiken TA","other",1,1
"1651","Kuitunen S","lead",1,1
"1652","Kums T","other",1,1
"1653","Küng UM","lead",1,1
"1654","Küüsmaa-Schildt M","lead",1,1
"1655","Küüsmaa M","lead",1,1
"1656","Kwon DP","other",1,1
"1657","Kwon M","other",1,1
"1658","Kyröläinen H","other",1,1
"1659","La Salle DT","other",1,1
"1660","La Torre A","other",1,1
"1661","Lacourpaille L","other",1,1
"1662","Lacquaniti F","other",1,1
"1663","Ladouceur D","other",1,1
"1664","Lafaix PA","other",1,1
"1665","Lagrange E","other",1,1
"1666","Lahaye C","other",1,1
"1667","Lambertz D","other",1,1
"1668","Lampropoulou SI","lead",1,1
"1669","Lane T","other",1,1
"1670","Lanfranco F","other",1,1
"1671","Lang CE","other",1,1
"1672","Lanza MB","lead",1,1
"1673","Lapole T","lead",1,5
"1674","Lares E","other",1,1
"1675","Laroche D","other",1,1
"1676","Larsen CM","other",1,1
"1677","Larsson L","other",1,1
"1678","Latash ML","other",1,1
"1679","Latella C","other",1,1
"1680","Lattier G","lead",1,8
"1681","Laudani L","lead",1,1
"1682","Laufer Y","other",1,1
"1683","Law LA","other",1,1
"1684","Law TD","other",1,1
"1685","Layec G","other",1,1
"1686","Layzer R","other",1,1
"1687","Lazzer S","other",1,1
"1688","LE Mansec Y","lead",1,1
"1689","LE Roux Mallouf T","other",1,1
"1690","Le Troter A","other",1,1
"1691","Learsi S","other",1,1
"1692","Learsi SK","other",1,1
"1693","LeDez K","other",1,1
"1694","LeDoux MS","other",1,1
"1695","Lee A","lead",1,1
"1696","Lee DY","lead",1,1
"1697","Lee M","lead",1,1
"1698","Lee SC","other",1,1
"1699","Lee SCK","other",1,1
"1700","Lee SSM","lead",1,1
"1701","Leer JW","other",1,1
"1702","Lefèvre F","other",1,1
"1703","LeGar M","other",1,1
"1704","Legros P","other",1,1
"1705","Lemos EC","other",1,1
"1706","Lenker H","other",1,1
"1707","Lentz R","lead",1,1
"1708","Leonardis L","other",1,1
"1709","Leong HT","other",1,1
"1710","Lepley AS","lead",1,3
"1711","Lepley LK","other",1,1
"1712","Leprêtre PM","other",1,1
"1713","Lévy P","other",1,1
"1714","Lewek MD","lead",1,1
"1715","Lexell J","lead",1,4
"1716","Li S","lead",1,4
"1717","Li Y","other",1,1
"1718","Li ZM","other",1,1
"1719","Lichtblau N","other",1,1
"1720","Lilienbaum A","other",1,1
"1721","Limonta E","other",1,1
"1722","Lin J","other",1,1
"1723","Lin JH","other",1,1
"1724","Lin JP","lead",1,1
"1725","Lin KH","lead",1,2
"1726","Lin KH","other",1,2
"1727","Lindenryd A","other",1,1
"1728","Lindner T","other",1,1
"1729","Linnamo V","lead",1,1
"1730","Liotard C","other",1,1
"1731","Lishchynsky JT","other",1,1
"1732","Litchy WJ","other",1,1
"1733","Liu J","other",1,1
"1734","Liu WC","other",1,1
"1735","Livny A","other",1,1
"1736","Lloyd A","other",1,3
"1737","Lloyd DG","lead",1,2
"1738","Lloyd DG","other",1,2
"1739","Lo WLA","other",1,1
"1740","Lo YL","lead",1,1
"1741","Lobotková J","other",1,1
"1742","Lomax M","other",1,1
"1743","Longo S","other",1,1
"1744","Lopes VHF","other",1,1
"1745","Lord SR","other",1,1
"1746","Löscher WN","other",1,1
"1747","Löseth S","other",1,1
"1748","Louis J","other",1,1
"1749","Low JL","lead",1,1
"1750","Lowe T","lead",1,1
"1751","Lowery MM","lead",1,1
"1752","Loyd BJ","lead",1,1
"1753","Luc BA","lead",1,1
"1754","Ludvig D","other",1,1
"1755","Luft A","other",1,1
"1756","Luh JJ","other",1,1
"1757","Lund H","other",1,1
"1758","Lussiana T","other",1,1
"1759","Lythgo ND","other",1,1
"1760","Macaluso GM","other",1,1
"1761","Machado F","other",1,1
"1762","Machner A","other",1,3
"1763","MacInnis MJ","other",1,1
"1764","MacIntosh BR","other",1,1
"1765","MacKinnon SN","other",1,1
"1766","MacLaren DP","other",1,1
"1767","MacLennan RJ","lead",1,2
"1768","MacLennan RJ","other",1,2
"1769","Maddison P","other",1,1
"1770","Maddison PJ","other",1,1
"1771","Mademli L","lead",1,2
"1772","Mademli L","other",1,2
"1773","Madinabeitia-Mancebo E","other",1,1
"1774","Madrid A","lead",1,1
"1775","Maffulli N","other",1,1
"1776","Magnus CR","lead",1,2
"1777","Magnus CR","other",1,2
"1778","Magnussen LV","other",1,1
"1779","Magnusson SP","other",1,1
"1780","Magrini MA","other",1,1
"1781","Mahan MA","other",1,1
"1782","Major B","other",1,1
"1783","Makarovskii AN","other",1,1
"1784","Maker GL","other",1,1
"1785","Maki A","other",1,1
"1786","Malakieh J","other",1,1
"1787","Maldonado A","other",1,1
"1788","Malta ES","other",1,1
"1789","Manaf FA","lead",1,1
"1790","Maniar N","other",1,1
"1791","Mannion AF","lead",1,2
"1792","Mannion AF","other",1,2
"1793","Manonelles P","other",1,1
"1794","Manz WJ","other",1,1
"1795","Maranhão R","other",1,1
"1796","Marathamuthu S","lead",1,1
"1797","Marechal M","other",1,1
"1798","Marek T","other",1,1
"1799","Maresca RD","other",1,1
"1800","Marín-Pagán C","other",1,1
"1801","Markovic G","other",1,1
"1802","Marques M","other",1,1
"1803","Marqueste T","lead",1,1
"1804","Márquez G","lead",1,2
"1805","Márquez G","other",1,2
"1806","Marquez J","other",1,1
"1807","Marsh GD","other",1,1
"1808","Marshall PWM","lead",1,2
"1809","Marshall PWM","other",1,2
"1810","Marston L","other",1,1
"1811","Martinez-Aparicio C","other",1,1
"1812","Martinez R","other",1,1
"1813","Märtson A","other",1,1
"1814","Marty J","other",1,1
"1815","Marušic J","lead",1,1
"1816","Masgrau A","other",1,1
"1817","Maso F","other",1,1
"1818","Massazza G","other",1,1
"1819","Masuda T","other",1,1
"1820","Mater A","other",1,1
"1821","Matkowski B","other",1,3
"1822","Matlep M","other",1,1
"1823","Mattei JP","other",1,1
"1824","Mattioli R","other",1,1
"1825","Mattsson P","other",1,1
"1826","Mau-Moeller A","lead",1,8
"1827","Maxwell NS","other",1,1
"1828","Mayo X","other",1,1
"1829","Mazara N","other",1,1
"1830","McArdle A","other",1,1
"1831","McCarthy DG","other",1,1
"1832","McClean A","lead",1,1
"1833","McClure P","other",1,1
"1834","McConnell AK","lead",1,1
"1835","McDorman J","other",1,1
"1836","McFarland AJ","other",1,1
"1837","McIlroy WE","other",1,1
"1838","McKay J","other",1,1
"1839","McKenzie DC","other",1,1
"1840","McKibans KI","other",1,1
"1841","McLagan JR","other",1,1
"1842","McLean L","lead",1,1
"1843","McMorland G","other",1,1
"1844","McNair P","other",1,1
"1845","McNamara TR","other",1,1
"1846","McNulty P","other",1,1
"1847","McNulty PA","other",1,1
"1848","McPhee JS","lead",1,2
"1849","McPhee JS","other",1,2
"1850","McPhee M","other",1,1
"1851","Medja F","other",1,1
"1852","Meesen R","other",1,1
"1853","Meir R","other",1,1
"1854","Meixensberger J","other",1,1
"1855","Melady DEE","other",1,1
"1856","Melo TG","other",1,1
"1857","Melville GW","other",1,1
"1858","Mendez-Villaneuva A","other",1,1
"1859","Meng H","other",1,1
"1860","Menotti F","other",1,1
"1861","Menzies C","other",1,1
"1862","Merletti R","lead",1,1
"1863","Messan F","other",1,1
"1864","Messineo L","other",1,1
"1865","Messonnier L","other",1,1
"1866","Messonnier LA","other",1,1
"1867","Metcalf E","lead",1,2
"1868","Metcalf E","other",1,2
"1869","Mets T","other",1,1
"1870","Meyer JP","other",1,1
"1871","Miadowicz B","other",1,1
"1872","Mian OS","other",1,1
"1873","Mickel C","other",1,1
"1874","Mickeviciene D","other",1,1
"1875","Mickeviciene D","other",1,1
"1876","Mickleborough TD","other",1,1
"1877","Middleton J","other",1,1
"1878","Midgley AW","other",1,1
"1879","Miehm JD","other",1,1
"1880","Mignardot JB","other",1,1
"1881","Mikkelsen EK","lead",1,1
"1882","Milanese C","other",1,1
"1883","Mileva KN","other",1,1
"1884","Milioni F","other",1,3
"1885","Miller A","other",1,1
"1886","Miller JD","lead",1,1
"1887","Miller M","other",1,4
"1888","Miller SC","other",1,1
"1889","Millet G","other",1,1
"1890","Minahan CL","other",1,1
"1891","Miner TM","other",1,1
"1892","Minett GM","lead",1,5
"1893","Minetti AE","other",1,1
"1894","Minetto MA","lead",1,3
"1895","Mira J","other",1,1
"1896","Miramonti AA","other",1,1
"1897","Miyakawa S","other",1,1
"1898","Miyamoto M","other",1,1
"1899","Miyamoto N","other",1,1
"1900","Miyamura M","other",1,1
"1901","Moen PM","other",1,1
"1902","Molloy CB","lead",1,1
"1903","Monjo F","other",1,1
"1904","Monks MR","lead",1,1
"1905","Montel F","other",1,1
"1906","Moore CW","lead",1,2
"1907","Moore CW","other",1,2
"1908","Moore DR","lead",1,1
"1909","Moorhouse KM","lead",1,1
"1910","Mora-Rodriguez R","other",1,1
"1911","Mora I","other",1,1
"1912","Morales-Artacho AJ","other",1,1
"1913","Moran J","other",1,1
"1914","Morat T","lead",1,1
"1915","Morel B","other",1,4
"1916","Morelli A","other",1,1
"1917","Morelot-Panzini C","other",1,1
"1918","Morf C","other",1,1
"1919","Morgan DL","other",1,1
"1920","Morgan DR","other",1,1
"1921","Morgan MD","other",1,1
"1922","Morgan PT","lead",1,1
"1923","Morimoto M","other",1,1
"1924","Mork PJ","other",1,1
"1925","Morotome Y","other",1,1
"1926","Morré HH","other",1,1
"1927","Morrisette DC","other",1,1
"1928","Morrison S","lead",1,1
"1929","Morrison SA","other",1,3
"1930","Morrissey D","other",1,1
"1931","Morse C","other",1,1
"1932","Morton JP","lead",1,1
"1933","Moseley GL","lead",1,1
"1934","Mosier EM","other",1,1
"1935","Moudy SC","other",1,1
"1936","Moxham J","other",1,1
"1937","Muddle TWD","other",1,1
"1938","Mudie K","other",1,1
"1939","Mueller K","other",1,1
"1940","Mueller S","other",1,1
"1941","Muendle B","other",1,1
"1942","Muirhead A","other",1,1
"1943","Mulder ER","lead",1,1
"1944","Muller PTG","other",1,1
"1945","Mündel T","other",1,1
"1946","Murakami H","other",1,1
"1947","Murias JM","other",1,1
"1948","Murphy AP","lead",1,1
"1949","Murphy JR","other",1,1
"1950","Murphy M","other",1,1
"1951","Murray WM","other",1,1
"1952","Murthy NS","other",1,1
"1953","Musa AMM","lead",1,1
"1954","Myers SD","other",1,1
"1955","Nagai T","other",1,1
"1956","Nagem DA","other",1,1
"1957","Naimi SS","other",1,1
"1958","Nair A","other",1,1
"1959","Nakae M","other",1,1
"1960","Nakazawa K","other",1,1
"1961","Narici M","other",1,1
"1962","Nativi JN","other",1,1
"1963","Neary JP","other",1,1
"1964","Nebelung W","other",1,1
"1965","Nedergaard RB","other",1,1
"1966","Negro F","lead",1,1
"1967","Nehring M","other",1,1
"1968","Neil SE","lead",1,1
"1969","Neilson P","other",1,1
"1970","Netea MG","other",1,1
"1971","Nettleton J","other",1,1
"1972","Neuhaus D","other",1,1
"1973","Neumann W","other",1,1
"1974","Newham DJ","lead",1,2
"1975","Newham DJ","other",1,2
"1976","Newman SA","lead",1,1
"1977","Newsam CJ","lead",1,1
"1978","Newsom-Davis J","lead",1,1
"1979","Ng A","other",1,1
"1980","Ng GYF","other",1,1
"1981","Nguyen D","other",1,1
"1982","Niazi IK","other",1,1
"1983","Nicholas MK","other",1,1
"1984","Nichols JM","other",1,1
"1985","Nichols S","other",1,1
"1986","Nicole S","other",1,1
"1987","Nicolon L","other",1,1
"1988","Nielsen B","other",1,1
"1989","Nielsen NP","other",1,1
"1990","Nielsen TS","other",1,1
"1991","Niemitukia L","other",1,1
"1992","Nightingale P","other",1,1
"1993","Nissman D","other",1,1
"1994","Nist LD","other",1,1
"1995","Njemini R","other",1,1
"1996","Noakes TD","other",1,1
"1997","Noé F","other",1,1
"1998","Noh B","other",1,1
"1999","Noirez P","other",1,1
"2000","Nolta BE","other",1,1
"2001","Nolte PA","other",1,1
"2002","Noorkõiv M","lead",1,1
"2003","Norberto MS","lead",1,1
"2004","Nordblom J","other",1,1
"2005","Nordlund Ekblom MM","other",1,1
"2006","Nordlund MM","lead",1,1
"2007","Norum M","lead",1,1
"2008","Nottin S","other",1,1
"2009","Noual J","other",1,1
"2010","Nowicky AV","other",1,1
"2011","Nowson CA","other",1,1
"2012","Nuzzo JL","lead",1,1
"2013","Nybo L","other",1,5
"2014","Nygård M","other",1,1
"2015","O'Connell S","other",1,1
"2016","O'Connor H","other",1,1
"2017","O'Doherty AF","other",1,1
"2018","O'Dwyer N","other",1,1
"2019","O'Keeffe K","lead",1,1
"2020","O'Leary DD","other",1,1
"2021","Ogata H","lead",1,1
"2022","Ogawa T","lead",1,1
"2023","Ogilvie D","other",1,1
"2024","Ogita F","other",1,1
"2025","Ohta Y","lead",1,1
"2026","Oki K","lead",1,1
"2027","Oliveira AB","other",1,1
"2028","Oliveira FN","other",1,1
"2029","Oliver N","other",1,1
"2030","Olivier N","other",1,1
"2031","Olsen S","lead",1,1
"2032","Onambele GL","lead",1,1
"2033","Onambele GN","other",1,3
"2034","Oney-Marlow TM","other",1,1
"2035","Ong MT","other",1,1
"2036","Opplert J","other",1,1
"2037","Orizio C","other",1,1
"2038","Orlando G","other",1,1
"2039","Osame M","other",1,1
"2040","Osborne JO","lead",1,1
"2041","Oskouei AE","lead",1,1
"2042","Oskouei MA","lead",1,1
"2043","Osman BM","lead",1,1
"2044","Osthaus WA","other",1,1
"2045","Otis JS","other",1,1
"2046","Otzel DM","lead",1,1
"2047","Oullion R","other",1,1
"2048","Ouyang J","other",1,1
"2049","Overgaard K","other",1,1
"2050","Paddock N","lead",1,1
"2051","Padial P","other",1,1
"2052","Pageaux B","other",1,3
"2053","Paillard T","lead",1,1
"2054","Pain MTG","other",1,1
"2055","Paiva GP","other",1,1
"2056","Pajoutan M","lead",1,1
"2057","Pakarinen A","other",1,1
"2058","Paneroni M","lead",1,1
"2059","Panichi R","other",1,1
"2060","Panissa VLG","other",1,1
"2061","Pap G","lead",1,3
"2062","Paravlic AH","lead",1,1
"2063","Paris HL","lead",1,1
"2064","Park CM","other",1,1
"2065","Park J","other",1,1
"2066","Park ND","lead",1,1
"2067","Park SH","other",1,1
"2068","Parker Simpson L","other",1,1
"2069","Parkes MJ","other",1,1
"2070","Parkinson J","other",1,1
"2071","Pasquet B","other",1,1
"2072","Passelergue P","other",1,1
"2073","Paternoster F","other",1,1
"2074","Paternoster FK","lead",1,2
"2075","Paternoster FK","other",1,2
"2076","Pathare NC","other",1,1
"2077","Patikas D","other",1,1
"2078","Patoz A","other",1,1
"2079","Patten C","other",1,1
"2080","Paulauskas H","other",1,1
"2081","Pauw-Gommans I","other",1,1
"2082","Pavesi G","other",1,1
"2083","Pawlak M","other",1,1
"2084","Pearce AJ","other",1,1
"2085","Pearce KM","other",1,1
"2086","Pearcey GEP","other",1,1
"2087","Pearson SJ","lead",1,1
"2088","Pedrocchi A","lead",1,1
"2089","Peiffer JJ","other",1,1
"2090","Pellegrini MJ","lead",1,1
"2091","Peltonen H","lead",1,2
"2092","Peltonen H","other",1,2
"2093","Peltonen J","other",1,1
"2094","Pelttari P","other",1,1
"2095","Pensini M","lead",1,4
"2096","Peolsson A","other",1,1
"2097","Percik R","lead",1,1
"2098","Pereira G","lead",1,2
"2099","Pereira G","other",1,2
"2100","Pereira HM","lead",1,2
"2101","Pereira HM","other",1,2
"2102","Pereira JM","other",1,1
"2103","Pérez Olivera AL","lead",1,1
"2104","Perreault ME","other",1,1
"2105","Perrey S","lead",1,5
"2106","Persson JK","other",1,1
"2107","Pesola AJ","other",1,1
"2108","Petersen T","other",1,1
"2109","Peterson CL","lead",1,1
"2110","Peterson GW","lead",1,1
"2111","Peterson K","other",1,1
"2112","Peterson LB","other",1,1
"2113","Petit PD","other",1,1
"2114","Petruolo A","other",1,1
"2115","Petterson SC","other",1,1
"2116","Petzke F","other",1,1
"2117","Peura G","other",1,1
"2118","Peyrot N","other",1,1
"2119","Pfeifer K","other",1,1
"2120","Pfeiffer RF","other",1,1
"2121","Pfeiffer SJ","other",1,1
"2122","Pfile KR","other",1,1
"2123","Philippot P","lead",1,1
"2124","Phillips EM","other",1,1
"2125","Phillips K","other",1,1
"2126","Phillips SM","other",1,1
"2127","Piasecki M","other",1,1
"2128","Picelli A","other",1,1
"2129","Pickard CM","other",1,1
"2130","Picton L","other",1,1
"2131","Piepenbrock S","other",1,1
"2132","Pietrosimone B","lead",1,6
"2133","Pigozzi F","other",1,1
"2134","Piirainen JM","other",1,1
"2135","Piitulainen H","other",1,1
"2136","Pinheiro FA","other",1,1
"2137","Pinotti M","other",1,1
"2138","Pinto AD","lead",1,1
"2139","Pinto MD","lead",1,1
"2140","Pires FO","lead",1,1
"2141","Pisot R","other",1,1
"2142","Pistoia F","lead",1,1
"2143","Pistoia ML","other",1,1
"2144","Pitt M","lead",1,1
"2145","Plamondon A","lead",1,2
"2146","Plamondon A","other",1,2
"2147","Plautard M","lead",1,2
"2148","Plautard M","other",1,2
"2149","Podnar S","lead",1,2
"2150","Podnar S","other",1,2
"2151","Podpecan A","other",1,1
"2152","Pokorná K","lead",1,1
"2153","Polkey MI","other",1,1
"2154","Pomeroy V","other",1,1
"2155","Ponari M","other",1,1
"2156","Pons JL","other",1,1
"2157","Poortmans J","other",1,1
"2158","Pootz S","other",1,1
"2159","Popovic DB","lead",1,1
"2160","Popovic MB","other",1,1
"2161","Poppele RE","other",1,1
"2162","Porter MS","lead",1,1
"2163","Portus M","other",1,1
"2164","Post M","lead",1,1
"2165","Pouslen MK","other",1,1
"2166","Power K","lead",1,4
"2167","Prado-Medeiros CL","other",1,1
"2168","Prak RF","other",1,3
"2169","Preiss S","other",1,1
"2170","Pretorius T","other",1,1
"2171","Prinsen H","lead",1,1
"2172","Prosser M","other",1,1
"2173","Pruse J","other",1,1
"2174","Pucci AR","lead",1,1
"2175","Puchaux K","other",1,1
"2176","Puleo A","other",1,1
"2177","Pulkovski N","other",1,1
"2178","Pullinen T","other",1,1
"2179","Pulverenti T","other",1,1
"2180","Pursley PJ","other",1,1
"2181","Qiu D","other",1,1
"2182","Qiu J","lead",1,1
"2183","Quarshie AT","other",1,1
"2184","Rabahi T","other",1,1
"2185","Rabita G","other",1,1
"2186","Raccuglia G","other",1,1
"2187","Raccuglia M","other",1,1
"2188","Radel R","other",1,1
"2189","Rafsanjani H","lead",1,1
"2190","Rahe-Meyer N","lead",1,1
"2191","Rahmani A","other",1,1
"2192","Ramdani S","other",1,1
"2193","Rammelt S","other",1,1
"2194","Ramos-Campo DJ","other",1,1
"2195","Ramos JS","other",1,1
"2196","Rampichini S","other",1,1
"2197","Rampinini E","lead",1,2
"2198","Rampinini E","other",1,2
"2199","Ramsay JW","other",1,1
"2200","Rance M","other",1,1
"2201","Randall CA","lead",1,1
"2202","Randerath W","other",1,1
"2203","Ranganathan VK","other",1,1
"2204","Rantalainen T","other",1,1
"2205","Rashid U","other",1,1
"2206","Rasmussen C","other",1,1
"2207","Rasmussen SB","other",1,1
"2208","Ratel S","lead",1,16
"2209","Ratkevicius A","other",1,1
"2210","Ratkevicius A","other",1,1
"2211","Ratter J","other",1,1
"2212","Rattey J","lead",1,3
"2213","Raux M","lead",1,1
"2214","Ravichandran VJ","other",1,1
"2215","Reardon G","other",1,1
"2216","Reddel SW","other",1,1
"2217","Redolfi S","other",1,1
"2218","Reed KE","other",1,1
"2219","Reeve D","other",1,1
"2220","Reeves NP","other",1,1
"2221","Reggiani C","other",1,1
"2222","Reid KF","other",1,1
"2223","Reilly KT","other",1,1
"2224","Reilly TP","other",1,1
"2225","Reinkensmeyer DJ","other",1,1
"2226","Remaud A","other",1,1
"2227","Renfroe JB","other",1,1
"2228","Renken R","other",1,1
"2229","Renken RJ","other",1,1
"2230","Rennie MJ","other",1,1
"2231","Renshaw DW","other",1,1
"2232","Renström P","other",1,1
"2233","Reuter EM","other",1,1
"2234","Reya M","lead",1,1
"2235","Rezasoltani A","other",1,1
"2236","Ribeiro N","lead",1,1
"2237","Rich S","other",1,1
"2238","Richardson D","other",1,1
"2239","Riemenschneider M","other",1,1
"2240","Riley NA","lead",1,1
"2241","Riley ZA","other",1,1
"2242","Río-Rodríguez D","other",1,1
"2243","Risvang LC","other",1,1
"2244","Rittweger J","other",1,1
"2245","Rivers E","other",1,1
"2246","Rivière V","other",1,1
"2247","Robertson CT","lead",1,1
"2248","Robinson WR","lead",1,2
"2249","Robinson WR","other",1,2
"2250","Robles-García V","other",1,1
"2251","Roche N","other",1,1
"2252","Rochette L","other",1,1
"2253","Rodacki A","other",1,1
"2254","Rodacki ALF","other",1,1
"2255","Roddick JM","other",1,1
"2256","Rodriguez-Falces J","other",1,1
"2257","Roduit B","other",1,1
"2258","Roetenberg D","other",1,1
"2259","Rognlien SH","other",1,1
"2260","Rohkohl K","other",1,1
"2261","Romer LM","other",1,1
"2262","Romero-Arenas S","other",1,1
"2263","Ronchi LG","other",1,1
"2264","Rønning PO","other",1,1
"2265","Ross EZ","lead",1,2
"2266","Ross EZ","other",1,2
"2267","Rosted A","other",1,1
"2268","Rota S","other",1,1
"2269","Rota V","other",1,1
"2270","Roth E","other",1,1
"2271","Royer N","lead",1,2
"2272","Royer N","other",1,2
"2273","Rozand V","other",1,3
"2274","Rozen N","other",1,1
"2275","Rubin DI","other",1,1
"2276","Rubio-Arias JÁ","other",1,1
"2277","Rudas E","other",1,1
"2278","Rudi D","other",1,1
"2279","Rudolph KS","other",1,1
"2280","Ruggiero L","other",1,1
"2281","Ruhschulte H","other",1,1
"2282","Rupp T","other",1,3
"2283","Rush JL","lead",1,1
"2284","Russ DW","other",1,1
"2285","Rutkauskas S","other",1,1
"2286","Rüttimann J","other",1,1
"2287","Ruyet PL","other",1,1
"2288","Ryan MM","other",1,1
"2289","Rytkönen T","other",1,1
"2290","Sabbahi MA","other",1,1
"2291","Saboisky J","lead",1,1
"2292","Sacchetti M","other",1,1
"2293","Sadauskas S","other",1,1
"2294","Saggin P","other",1,1
"2295","Saggini R","other",1,1
"2296","Sahin H","other",1,1
"2297","Saimouaa K","other",1,1
"2298","Sakkas GK","other",1,1
"2299","Saldanha A","lead",1,1
"2300","Sale DG","other",1,1
"2301","Salomoni S","lead",1,1
"2302","Salvini Tde F","other",1,1
"2303","Salzmann GM","other",1,1
"2304","Samararatne J","other",1,1
"2305","Šambaher N","other",1,1
"2306","Samuel OW","other",1,1
"2307","Sanchez AM","other",1,1
"2308","Sanchez Ramos da Silva A","other",1,1
"2309","Sandberg A","other",1,1
"2310","Sander A","other",1,1
"2311","Sandfort GL","other",1,1
"2312","Sands SA","other",1,1
"2313","Santiago PR","other",1,1
"2314","Santos-Mariano AC","lead",1,1
"2315","Santos PS","lead",1,1
"2316","Sara LK","lead",1,1
"2317","Sarà M","other",1,1
"2318","Sarah R Dias Da Silva","other",1,1
"2319","Sars V","lead",1,1
"2320","Sassi A","other",1,1
"2321","Satkunskiene D","other",1,1
"2322","Sato K","other",1,1
"2323","Saugy J","other",1,1
"2324","Saulicz E","other",1,1
"2325","Saunders B","other",1,1
"2326","Saxton JM","other",1,1
"2327","Sbitany H","other",1,1
"2328","Scaglioni G","other",1,4
"2329","Scalvini S","other",1,1
"2330","Scarborough MT","other",1,1
"2331","Schaefer A","other",1,1
"2332","Schauer N","other",1,1
"2333","Scherer J","other",1,1
"2334","Schieber MH","lead",1,1
"2335","Schilaty ND","other",1,1
"2336","Schilling BK","other",1,1
"2337","Schillings ML","other",1,1
"2338","Schilperoort JV","other",1,1
"2339","Schlegel J","other",1,1
"2340","Schlinder-Delap B","other",1,1
"2341","Schlinder Delap B","other",1,1
"2342","Schmitt K","lead",1,1
"2343","Schmitt S","other",1,1
"2344","Schneider G","other",1,1
"2345","Schneider W","other",1,1
"2346","Schneiders W","other",1,1
"2347","Schofield LM","other",1,1
"2348","Schönau E","other",1,1
"2349","Schreven S","other",1,1
"2350","Schubert DJ","other",1,1
"2351","Schuiling MH","other",1,1
"2352","Schüler J","other",1,1
"2353","Schumann M","lead",1,2
"2354","Schumann M","other",1,2
"2355","Schwartz C","lead",1,1
"2356","Schwartz TA","other",1,1
"2357","Scott DL","other",1,1
"2358","Scott OM","other",1,1
"2359","Secher NH","other",1,1
"2360","Sedliak M","other",1,1
"2361","Seiberl W","other",1,4
"2362","Seitz L","other",1,1
"2363","Selkow NM","other",1,1
"2364","Seluk L","other",1,1
"2365","Semmler JG","other",1,1
"2366","Senefeld JW","lead",1,1
"2367","Serpa MC","other",1,1
"2368","Serresse O","other",1,1
"2369","Seve C","other",1,1
"2370","Severijns D","lead",1,1
"2371","Seyidova-Khoshknabi D","other",1,1
"2372","Seynnes OR","lead",1,3
"2373","Shahvarpour A","other",1,1
"2374","Shaikh T","other",1,1
"2375","Sharma S","other",1,1
"2376","Sharpe GR","other",1,1
"2377","Shcherbakova NA","other",1,1
"2378","Shield A","lead",1,2
"2379","Shield A","other",1,2
"2380","Shih TT","other",1,1
"2381","Shima N","lead",1,2
"2382","Shima N","other",1,2
"2383","Shimoda M","lead",1,1
"2384","Shioda K","other",1,1
"2385","Shirai Y","other",1,1
"2386","Shoemaker ME","other",1,1
"2387","Shojaa M","other",1,1
"2388","Shoji M","lead",1,2
"2389","Shoji M","other",1,2
"2390","Shortridge-Baggett LM","other",1,1
"2391","Shourijeh MS","other",1,1
"2392","Sibley AR","lead",1,1
"2393","Sieber C","other",1,1
"2394","Siegler J","other",1,1
"2395","Siegmund GP","other",1,1
"2396","Siemionow V","other",1,1
"2397","Signal N","other",1,1
"2398","Silva-Couto Mde A","lead",1,1
"2399","Silva AMS","other",1,1
"2400","Silva BM","other",1,1
"2401","Silva RG","other",1,1
"2402","Similowski T","other",1,1
"2403","Simmonds MJ","other",1,1
"2404","Simon-Martínez C","other",1,1
"2405","Simon NG","lead",1,1
"2406","Simonelli C","other",1,1
"2407","Simonsen EB","other",1,1
"2408","Simpson M","lead",1,1
"2409","Šimunic B","other",1,1
"2410","Sipaviciene S","other",1,1
"2411","Sipilä S","other",1,1
"2412","Sirigu A","other",1,1
"2413","Sitaram R","other",1,1
"2414","Skafidas S","other",1,1
"2415","Skikas L","other",1,1
"2416","Skjødt M","other",1,1
"2417","Skripitz R","other",1,1
"2418","Smania N","other",1,1
"2419","Smith-Ryan AE","lead",1,1
"2420","Smith AE","other",1,1
"2421","Smith B","other",1,1
"2422","Smith IC","other",1,1
"2423","Smith J","other",1,1
"2424","Smith JL","lead",1,1
"2425","Smith JR","other",1,1
"2426","Smith KA","other",1,1
"2427","Smith PJ","other",1,1
"2428","Snape AE","other",1,1
"2429","So NF","lead",1,1
"2430","Solan MC","other",1,1
"2431","Solheim SA","other",1,1
"2432","Solianik R","lead",1,1
"2433","Solomon C","other",1,1
"2434","Son J","other",1,1
"2435","Soo J","lead",1,1
"2436","Sorenson EJ","other",1,1
"2437","Spaans F","lead",1,1
"2438","Spear SC","other",1,1
"2439","Spengler CM","other",1,1
"2440","Spiesshoefer J","lead",1,1
"2441","Spillane P","lead",1,1
"2442","Spinner R","other",1,1
"2443","Spring JN","lead",1,1
"2444","Sprott H","other",1,1
"2445","St Clair Gibson A","other",1,1
"2446","Stackhouse SK","other",1,5
"2447","Stafford RE","lead",1,1
"2448","Stager JM","other",1,1
"2449","Stålberg E","other",1,4
"2450","Stålberg EV","other",1,1
"2451","Stanley LE","other",1,1
"2452","Stannard SR","other",1,1
"2453","Stapleton MR","other",1,1
"2454","Stapley PJ","other",1,1
"2455","Stavropoulos E","other",1,1
"2456","Steele JR","other",1,1
"2457","Steens A","lead",1,2
"2458","Steens A","other",1,2
"2459","Stefanelli D","other",1,1
"2460","Stegeman DF","other",1,1
"2461","Stenager E","other",1,1
"2462","Stephan KE","other",1,1
"2463","Stevens A","other",1,1
"2464","Stevens J","other",1,1
"2465","Stewart CJ","lead",1,1
"2466","Stewart IB","other",1,1
"2467","Stewart RJC","other",1,1
"2468","Stickford JL","other",1,1
"2469","Stienstra R","other",1,1
"2470","Stirn I","other",1,1
"2471","Stoessel D","other",1,1
"2472","Stoter IK","lead",1,1
"2473","Stoykov ME","other",1,1
"2474","Stoykov NS","other",1,1
"2475","Stragier S","lead",1,2
"2476","Stragier S","other",1,2
"2477","Stratton K","lead",1,1
"2478","Strauss GR","other",1,1
"2479","Streckis V","lead",1,4
"2480","Strike S","other",1,1
"2481","Strohschein FJ","other",1,1
"2482","Strotmeyer ES","other",1,1
"2483","Strutton PH","other",1,1
"2484","Suetta C","lead",1,1
"2485","Sugihara Y","other",1,1
"2486","Sulzer J","lead",1,1
"2487","Sumrain M","other",1,1
"2488","Sun Y","lead",1,1
"2489","Sundberg CW","other",1,1
"2490","Suteebut R","other",1,1
"2491","Suzuki S","other",1,1
"2492","Suzuki T","lead",1,1
"2493","Svensson M","other",1,1
"2494","Swafford AP","lead",1,1
"2495","Sweep FC","other",1,1
"2496","Szczyglowski MK","other",1,1
"2497","Szilvas E","other",1,1
"2498","Szubski C","lead",1,1
"2499","Tai YF","other",1,1
"2500","Tam E","other",1,1
"2501","Tammam AH","other",1,1
"2502","Tammik K","lead",1,1
"2503","Tanaka S","other",1,1
"2504","Taranto-Montemurro L","lead",1,1
"2505","Tarpenning KM","other",1,1
"2506","Taube W","other",1,1
"2507","Tavoian D","other",1,1
"2508","Tayfur B","lead",1,1
"2509","Taylor BJ","lead",1,1
"2510","Taylor D","other",1,1
"2511","Taylor J","other",1,1
"2512","Taylor L","other",1,1
"2513","Temesi J","lead",1,5
"2514","Tepper M","other",1,1
"2515","Ter Horst R","other",1,1
"2516","Teschler M","other",1,1
"2517","Tesio L","other",1,1
"2518","Tessaro J","other",1,1
"2519","Tevald MA","other",1,1
"2520","Theuerkauf P","other",1,1
"2521","Theurel J","lead",1,3
"2522","Thomas F","other",1,1
"2523","Thomas K","lead",1,7
"2524","Thomas MM","lead",1,1
"2525","Thorkani A","other",1,1
"2526","Thorstensen JR","lead",1,1
"2527","Thouvenot A","other",1,1
"2528","Threlkeld AJ","other",1,1
"2529","Thurston TS","lead",1,3
"2530","Tikkanen O","lead",1,1
"2531","Tillin N","other",1,1
"2532","Tillin NA","lead",1,3
"2533","Tillman MD","other",1,1
"2534","Tillman SM","other",1,1
"2535","Timmins RG","other",1,1
"2536","Timms K","other",1,1
"2537","Tingley J","other",1,1
"2538","Tobin MJ","lead",1,2
"2539","Tobin MJ","other",1,2
"2540","Tofari PJ","other",1,3
"2541","Togninalli D","other",1,1
"2542","Tøien T","lead",1,2
"2543","Tøien T","other",1,2
"2544","Tokuno CD","other",1,1
"2545","Tomazin K","other",1,4
"2546","Tomazini F","other",1,1
"2547","Tomko PM","lead",1,1
"2548","Toniolo L","other",1,1
"2549","Topeli A","lead",1,1
"2550","Tørhaug T","other",1,1
"2551","Torre G","other",1,1
"2552","Torricelli D","other",1,1
"2553","Townsend N","lead",1,1
"2554","Trees A","lead",1,1
"2555","Tremblay J","other",1,1
"2556","Tremey E","other",1,1
"2557","Trevino MA","other",1,1
"2558","Triandafilou K","other",1,1
"2559","Triandafilou KM","lead",1,2
"2560","Triandafilou KM","other",1,2
"2561","Tricoli V","other",1,1
"2562","Trilk J","other",1,1
"2563","Trojano L","other",1,1
"2564","Trok K","other",1,1
"2565","Trumbower RD","lead",1,1
"2566","Tsao BE","other",1,1
"2567","Tubman LA","other",1,1
"2568","Tucker K","other",1,1
"2569","Tucker MG","other",1,1
"2570","Tufano JJ","other",1,1
"2571","Tupling AR","other",1,1
"2572","Turker KS","other",1,1
"2573","Tvarijonaviciute A","other",1,1
"2574","Tygart A","other",1,1
"2575","Tyler CJ","other",1,1
"2576","Uehara A","other",1,1
"2577","Ueno R","lead",1,1
"2578","Unhjem R","other",1,3
"2579","Uribe BP","other",1,1
"2580","Vaccari F","other",1,1
"2581","Vadalà G","lead",1,1
"2582","Vadopalas K","lead",1,1
"2583","Vahtrik D","lead",1,1
"2584","Valkeinen H","lead",1,1
"2585","Vallotton A","other",1,1
"2586","Valzania F","other",1,1
"2587","van den Hoven LT","other",1,1
"2588","van den Wildenberg J","other",1,1
"2589","van der Hoeven JG","other",1,1
"2590","van der Linden RM","other",1,1
"2591","van der Naalt J","other",1,1
"2592","van der Zijden MJ","other",1,1
"2593","Van Dieën JH","lead",1,1
"2594","van Dijk JP","other",1,1
"2595","van Duijnhoven NT","other",1,1
"2596","van Eijk LT","other",1,1
"2597","van Engelen B","other",1,1
"2598","van Laarhoven HW","other",1,1
"2599","van Leeuwen DM","lead",1,1
"2600","Van Leeuwen DM","lead",1,1
"2601","van Loon LJC","other",1,1
"2602","Van Mazijk BC","other",1,1
"2603","Van Raak SM","other",1,1
"2604","van Raay JJ","other",1,1
"2605","van Raay JJAM","other",1,1
"2606","Van Tricht JA","other",1,1
"2607","vanDyke D","other",1,1
"2608","Vantieghem S","other",1,1
"2609","Vargas E","other",1,1
"2610","Varvello I","other",1,1
"2611","Vatovec R","other",1,1
"2612","Ventura A","lead",1,1
"2613","Venturelli M","lead",1,5
"2614","Vera-Ibañez A","other",1,1
"2615","Veras K","other",1,1
"2616","Verbickas V","lead",1,1
"2617","Vercruyssen F","lead",1,3
"2618","Verdijk LB","other",1,1
"2619","Verdijk PW","other",1,1
"2620","Vereijken B","other",1,1
"2621","Verma S","lead",1,1
"2622","Viau A","other",1,1
"2623","Vie B","lead",1,1
"2624","Vieira DCL","lead",1,1
"2625","Vieira LH","other",1,1
"2626","Vieira TM","other",1,1
"2627","Vignaud A","other",1,1
"2628","Villa F","other",1,1
"2629","Vilmen C","other",1,1
"2630","Vimieiro CB","other",1,1
"2631","Vincent C","other",1,1
"2632","Vinti M","lead",1,1
"2633","Violaris P","other",1,1
"2634","Visseaux V","other",1,1
"2635","Vitacca M","other",1,1
"2636","Vivodtzev I","lead",1,1
"2637","Vlachos E","other",1,1
"2638","Vodusek DB","other",1,1
"2639","Voermans NC","other",1,1
"2640","Volungevicius G","other",1,1
"2641","von Stengel S","other",1,1
"2642","Voss S","other",1,1
"2643","Vredeveld JW","other",1,1
"2644","Vucic S","lead",1,1
"2645","Wade L","lead",1,1
"2646","Wagner DA","other",1,1
"2647","Walker S","other",1,6
"2648","Walsh D","other",1,1
"2649","Walsh M","other",1,1
"2650","Walter-Herda AA","other",1,1
"2651","Walter G","other",1,1
"2652","Walter GA","other",1,1
"2653","Walton P","other",1,1
"2654","Wan HY","lead",1,3
"2655","Wang C","other",1,1
"2656","Wang CH","other",1,1
"2657","Wang FC","other",1,1
"2658","Wang H","lead",1,1
"2659","Wang HK","lead",1,1
"2660","Ward SH","lead",1,1
"2661","Warren S","other",1,1
"2662","Watson BV","other",1,1
"2663","Watson CL","other",1,1
"2664","Weavil JC","lead",1,3
"2665","Weber JP","other",1,1
"2666","Weeks JB","other",1,1
"2667","Wegner K","other",1,1
"2668","Wegrzyk J","other",1,1
"2669","Wei N","lead",1,1
"2670","Wei SH","other",1,1
"2671","Weickenmeier J","other",1,1
"2672","Weilbach C","other",1,1
"2673","Weir DE","lead",1,1
"2674","Weiss B","other",1,1
"2675","Weissenfels A","other",1,1
"2676","Weist R","other",1,1
"2677","Wellauer V","lead",1,1
"2678","Wellman A","other",1,1
"2679","White DP","other",1,1
"2680","White M","other",1,1
"2681","Whitting JW","other",1,1
"2682","Whittle J","other",1,1
"2683","Whyte DG","other",1,1
"2684","Wickham J","other",1,1
"2685","Wickham KA","lead",1,1
"2686","Widenfalk J","other",1,1
"2687","Wilcox SL","other",1,1
"2688","Wilder MR","lead",1,1
"2689","Willardson J","other",1,1
"2690","Willert S","other",1,1
"2691","Willis SJ","lead",1,1
"2692","Wilquin L","other",1,1
"2693","Wilsmore C","other",1,1
"2694","Wilson C","other",1,1
"2695","Wilson CJ","other",1,1
"2696","Wingo JE","other",1,1
"2697","Winterhalter M","other",1,1
"2698","Wirth K","lead",1,1
"2699","Witte K","other",1,1
"2700","Wolff W","other",1,1
"2701","Wolkorte R","lead",1,1
"2702","Wolpert DM","other",1,1
"2703","Wolz M","other",1,1
"2704","Wong AM","other",1,1
"2705","Woods S","other",1,1
"2706","Worseck JM","other",1,1
"2707","Wren JD","other",1,1
"2708","Wu YK","other",1,1
"2709","Wüst RC","other",1,1
"2710","Wüthrich TU","lead",1,1
"2711","Wyant A","other",1,1
"2712","Xiang Y","other",1,1
"2713","Yabe K","other",1,1
"2714","Yacoubi B","other",1,1
"2715","Yacyshyn AF","lead",1,1
"2716","Yaeshima K","other",1,1
"2717","Yagishita K","other",1,1
"2718","Yamada H","lead",1,1
"2719","Yamada K","other",1,1
"2720","Yamada T","other",1,1
"2721","Yamada Y","other",1,1
"2722","Yan JH","other",1,1
"2723","Yanaze LL","other",1,1
"2724","Yang CC","other",1,1
"2725","Yap MH","other",1,1
"2726","Yavuz US","other",1,1
"2727","Yeadon MR","lead",1,1
"2728","Yen JT","lead",1,1
"2729","Yetman JD","other",1,1
"2730","Yoon WY","other",1,1
"2731","Yoshihara K","other",1,1
"2732","Young P","other",1,1
"2733","Young W","other",1,1
"2734","Yount J","other",1,1
"2735","Yue GH","other",1,1
"2736","Yung PS","other",1,1
"2737","Zagatto A","other",1,1
"2738","Zambelli A","other",1,1
"2739","Zambon AA","other",1,1
"2740","Zanoteli E","other",1,1
"2741","Zarkou A","lead",1,1
"2742","Zarzissi S","lead",1,1
"2743","Zatsiorsky VM","other",1,1
"2744","Zech A","lead",1,1
"2745","Zehr EP","other",1,1
"2746","Zero AM","other",1,1
"2747","Zghal F","lead",1,8
"2748","Zhang C","lead",1,1
"2749","Zhang J","lead",1,1
"2750","Zhang LQ","other",1,1
"2751","Zhang YT","other",1,1
"2752","Zhang Z","other",1,1
"2753","Zhao ML","other",1,1
"2754","Zhou P","lead",1,3
"2755","Zinke F","lead",1,1
"2756","Zschorlich VR","other",1,1
"2757","Zubac D","lead",1,1
"2758","Zwaag J","lead",1,2
"2759","Zwaag J","other",1,2
"2760","Zwarts MJ","lead",1,3
"2761","Zygman ML","other",1,1
